{
"type": "FeatureCollection",
"name": "grid-carbon",
"crs": { "type": "name", "properties": { "name": "urn:ogc:def:crs:OGC:1.3:CRS84" } },
"features": [
{ "type": "Feature", "properties": { "Grid_ID": 1, "Row": 1, "Col": 1, "Area_m2": 400.0, "Carbon_tha_24": 0.0, "NDVI": 0.4973, "NIRv": 0.13 }, "geometry": { "type": "Polygon", "coordinates": [ [ [ 117.310212413915323, 42.411204093775424 ], [ 117.309969351816818, 42.411204751243758 ], [ 117.309970238701808, 42.411384868995995 ], [ 117.31021330149575, 42.411384211523547 ], [ 117.310212413915323, 42.411204093775424 ] ] ] } },
{ "type": "Feature", "properties": { "Grid_ID": 2, "Row": 1, "Col": 2, "Area_m2": 400.0, "Carbon_tha_24": 25.1033, "NDVI": 0.5966, "NIRv": 0.142 }, "geometry": { "type": "Polygon", "coordinates": [ [ [ 117.3104554760057, 42.411203435791762 ], [ 117.310212413915323, 42.411204093775424 ], [ 117.31021330149575, 42.411384211523547 ], [ 117.310456364281578, 42.41138355353575 ], [ 117.3104554760057, 42.411203435791762 ] ] ] } },
{ "type": "Feature", "properties": { "Grid_ID": 3, "Row": 1, "Col": 3, "Area_m2": 400.0, "Carbon_tha_24": 45.4531, "NDVI": 0.7597, "NIRv": 0.1737 }, "geometry": { "type": "Polygon", "coordinates": [ [ [ 117.310698538087962, 42.41120277729275 ], [ 117.3104554760057, 42.411203435791762 ], [ 117.310456364281578, 42.41138355353575 ], [ 117.310699427059234, 42.411382895032609 ], [ 117.310698538087962, 42.41120277729275 ] ] ] } },
{ "type": "Feature", "properties": { "Grid_ID": 4, "Row": 1, "Col": 4, "Area_m2": 400.0, "Carbon_tha_24": 54.0359, "NDVI": 0.7548, "NIRv": 0.1738 }, "geometry": { "type": "Polygon", "coordinates": [ [ [ 117.310941600162053, 42.411202118278403 ], [ 117.310698538087962, 42.41120277729275 ], [ 117.310699427059234, 42.411382895032609 ], [ 117.310942489828776, 42.411382236014134 ], [ 117.310941600162053, 42.411202118278403 ] ] ] } },
{ "type": "Feature", "properties": { "Grid_ID": 5, "Row": 1, "Col": 5, "Area_m2": 400.0, "Carbon_tha_24": 39.6283, "NDVI": 0.7242, "NIRv": 0.1679 }, "geometry": { "type": "Polygon", "coordinates": [ [ [ 117.311184662228001, 42.411201458748728 ], [ 117.310941600162053, 42.411202118278403 ], [ 117.310942489828776, 42.411382236014134 ], [ 117.311185552590118, 42.411381576480309 ], [ 117.311184662228001, 42.411201458748728 ] ] ] } },
{ "type": "Feature", "properties": { "Grid_ID": 6, "Row": 1, "Col": 6, "Area_m2": 400.0, "Carbon_tha_24": 48.7045, "NDVI": 0.7656, "NIRv": 0.1804 }, "geometry": { "type": "Polygon", "coordinates": [ [ [ 117.311427724285778, 42.411200798703696 ], [ 117.311184662228001, 42.411201458748728 ], [ 117.311185552590118, 42.411381576480309 ], [ 117.311428615343345, 42.411380916431156 ], [ 117.311427724285778, 42.411200798703696 ] ] ] } },
{ "type": "Feature", "properties": { "Grid_ID": 7, "Row": 1, "Col": 7, "Area_m2": 400.0, "Carbon_tha_24": 40.1085, "NDVI": 0.7653, "NIRv": 0.1858 }, "geometry": { "type": "Polygon", "coordinates": [ [ [ 117.311670786335398, 42.41120013814335 ], [ 117.311427724285778, 42.411200798703696 ], [ 117.311428615343345, 42.411380916431156 ], [ 117.311671678088373, 42.411380255866653 ], [ 117.311670786335398, 42.41120013814335 ] ] ] } },
{ "type": "Feature", "properties": { "Grid_ID": 8, "Row": 1, "Col": 8, "Area_m2": 400.0, "Carbon_tha_24": 63.939, "NDVI": 0.7887, "NIRv": 0.1866 }, "geometry": { "type": "Polygon", "coordinates": [ [ [ 117.311913848376875, 42.411199477067655 ], [ 117.311670786335398, 42.41120013814335 ], [ 117.311671678088373, 42.411380255866653 ], [ 117.311914740825245, 42.411379594786816 ], [ 117.311913848376875, 42.411199477067655 ] ] ] } },
{ "type": "Feature", "properties": { "Grid_ID": 9, "Row": 1, "Col": 9, "Area_m2": 400.0, "Carbon_tha_24": 49.8377, "NDVI": 0.7738, "NIRv": 0.1874 }, "geometry": { "type": "Polygon", "coordinates": [ [ [ 117.312156910410124, 42.411198815476617 ], [ 117.311913848376875, 42.411199477067655 ], [ 117.311914740825245, 42.411379594786816 ], [ 117.312157803553944, 42.411378933191635 ], [ 117.312156910410124, 42.411198815476617 ] ] ] } },
{ "type": "Feature", "properties": { "Grid_ID": 10, "Row": 1, "Col": 10, "Area_m2": 400.0, "Carbon_tha_24": 57.8379, "NDVI": 0.7915, "NIRv": 0.1933 }, "geometry": { "type": "Polygon", "coordinates": [ [ [ 117.31239997243523, 42.41119815337025 ], [ 117.312156910410124, 42.411198815476617 ], [ 117.312157803553944, 42.411378933191635 ], [ 117.312400866274459, 42.411378271081105 ], [ 117.31239997243523, 42.41119815337025 ] ] ] } },
{ "type": "Feature", "properties": { "Grid_ID": 11, "Row": 1, "Col": 11, "Area_m2": 400.0, "Carbon_tha_24": 47.7419, "NDVI": 0.7736, "NIRv": 0.1862 }, "geometry": { "type": "Polygon", "coordinates": [ [ [ 117.312643034452122, 42.411197490748549 ], [ 117.31239997243523, 42.41119815337025 ], [ 117.312400866274459, 42.411378271081105 ], [ 117.312643928986759, 42.411377608455254 ], [ 117.312643034452122, 42.411197490748549 ] ] ] } },
{ "type": "Feature", "properties": { "Grid_ID": 12, "Row": 1, "Col": 12, "Area_m2": 400.0, "Carbon_tha_24": 45.1513, "NDVI": 0.7817, "NIRv": 0.1894 }, "geometry": { "type": "Polygon", "coordinates": [ [ [ 117.312886096460815, 42.411196827611505 ], [ 117.312643034452122, 42.411197490748549 ], [ 117.312643928986759, 42.411377608455254 ], [ 117.312886991690888, 42.411376945314046 ], [ 117.312886096460815, 42.411196827611505 ] ] ] } },
{ "type": "Feature", "properties": { "Grid_ID": 13, "Row": 1, "Col": 13, "Area_m2": 400.0, "Carbon_tha_24": 54.4746, "NDVI": 0.7958, "NIRv": 0.1974 }, "geometry": { "type": "Polygon", "coordinates": [ [ [ 117.313129158461308, 42.411196163959126 ], [ 117.312886096460815, 42.411196827611505 ], [ 117.312886991690888, 42.411376945314046 ], [ 117.313130054386818, 42.411376281657503 ], [ 117.313129158461308, 42.411196163959126 ] ] ] } },
{ "type": "Feature", "properties": { "Grid_ID": 14, "Row": 1, "Col": 14, "Area_m2": 400.0, "Carbon_tha_24": 54.0684, "NDVI": 0.8136, "NIRv": 0.2027 }, "geometry": { "type": "Polygon", "coordinates": [ [ [ 117.313372220453587, 42.411195499791404 ], [ 117.313129158461308, 42.411196163959126 ], [ 117.313130054386818, 42.411376281657503 ], [ 117.313373117074519, 42.411375617485625 ], [ 117.313372220453587, 42.411195499791404 ] ] ] } },
{ "type": "Feature", "properties": { "Grid_ID": 15, "Row": 1, "Col": 15, "Area_m2": 400.0, "Carbon_tha_24": 49.3685, "NDVI": 0.7998, "NIRv": 0.1995 }, "geometry": { "type": "Polygon", "coordinates": [ [ [ 117.313615282437652, 42.411194835108347 ], [ 117.313372220453587, 42.411195499791404 ], [ 117.313373117074519, 42.411375617485625 ], [ 117.313616179754007, 42.41137495279839 ], [ 117.313615282437652, 42.411194835108347 ] ] ] } },
{ "type": "Feature", "properties": { "Grid_ID": 16, "Row": 1, "Col": 16, "Area_m2": 400.0, "Carbon_tha_24": 43.4669, "NDVI": 0.8026, "NIRv": 0.1976 }, "geometry": { "type": "Polygon", "coordinates": [ [ [ 117.313858344413504, 42.411194169909955 ], [ 117.313615282437652, 42.411194835108347 ], [ 117.313616179754007, 42.41137495279839 ], [ 117.313859242425281, 42.411374287595841 ], [ 117.313858344413504, 42.411194169909955 ] ] ] } },
{ "type": "Feature", "properties": { "Grid_ID": 17, "Row": 1, "Col": 17, "Area_m2": 400.0, "Carbon_tha_24": 28.5306, "NDVI": 0.745, "NIRv": 0.2017 }, "geometry": { "type": "Polygon", "coordinates": [ [ [ 117.314101406381141, 42.41119350419622 ], [ 117.313858344413504, 42.411194169909955 ], [ 117.313859242425281, 42.411374287595841 ], [ 117.314102305088312, 42.411373621877942 ], [ 117.314101406381141, 42.41119350419622 ] ] ] } },
{ "type": "Feature", "properties": { "Grid_ID": 18, "Row": 1, "Col": 18, "Area_m2": 400.0, "Carbon_tha_24": 52.122, "NDVI": 0.7804, "NIRv": 0.2043 }, "geometry": { "type": "Polygon", "coordinates": [ [ [ 117.314344468340494, 42.411192837967164 ], [ 117.314101406381141, 42.41119350419622 ], [ 117.314102305088312, 42.411373621877942 ], [ 117.314345367743115, 42.411372955644687 ], [ 117.314344468340494, 42.411192837967164 ] ] ] } },
{ "type": "Feature", "properties": { "Grid_ID": 19, "Row": 1, "Col": 19, "Area_m2": 400.0, "Carbon_tha_24": 54.5246, "NDVI": 0.8137, "NIRv": 0.197 }, "geometry": { "type": "Polygon", "coordinates": [ [ [ 117.314587530291647, 42.411192171222758 ], [ 117.314344468340494, 42.411192837967164 ], [ 117.314345367743115, 42.411372955644687 ], [ 117.314588430389691, 42.411372288896104 ], [ 117.314587530291647, 42.411192171222758 ] ] ] } },
{ "type": "Feature", "properties": { "Grid_ID": 20, "Row": 1, "Col": 20, "Area_m2": 400.0, "Carbon_tha_24": 50.5778, "NDVI": 0.8067, "NIRv": 0.2033 }, "geometry": { "type": "Polygon", "coordinates": [ [ [ 117.314830592234543, 42.411191503963018 ], [ 117.314587530291647, 42.411192171222758 ], [ 117.314588430389691, 42.411372288896104 ], [ 117.314831493027981, 42.411371621632185 ], [ 117.314830592234543, 42.411191503963018 ] ] ] } },
{ "type": "Feature", "properties": { "Grid_ID": 21, "Row": 1, "Col": 21, "Area_m2": 400.0, "Carbon_tha_24": 43.2462, "NDVI": 0.7816, "NIRv": 0.1983 }, "geometry": { "type": "Polygon", "coordinates": [ [ [ 117.315073654169169, 42.411190836187949 ], [ 117.314830592234543, 42.411191503963018 ], [ 117.314831493027981, 42.411371621632185 ], [ 117.315074555658057, 42.411370953852916 ], [ 117.315073654169169, 42.411190836187949 ] ] ] } },
{ "type": "Feature", "properties": { "Grid_ID": 22, "Row": 1, "Col": 22, "Area_m2": 400.0, "Carbon_tha_24": 47.5308, "NDVI": 0.7825, "NIRv": 0.1927 }, "geometry": { "type": "Polygon", "coordinates": [ [ [ 117.315316716095552, 42.411190167897523 ], [ 117.315073654169169, 42.411190836187949 ], [ 117.315074555658057, 42.411370953852916 ], [ 117.315317618279849, 42.411370285558306 ], [ 117.315316716095552, 42.411190167897523 ] ] ] } },
{ "type": "Feature", "properties": { "Grid_ID": 23, "Row": 1, "Col": 23, "Area_m2": 400.0, "Carbon_tha_24": 41.195, "NDVI": 0.7844, "NIRv": 0.1934 }, "geometry": { "type": "Polygon", "coordinates": [ [ [ 117.315559778013679, 42.411189499091769 ], [ 117.315316716095552, 42.411190167897523 ], [ 117.315317618279849, 42.411370285558306 ], [ 117.315560680893384, 42.411369616748367 ], [ 117.315559778013679, 42.411189499091769 ] ] ] } },
{ "type": "Feature", "properties": { "Grid_ID": 24, "Row": 1, "Col": 24, "Area_m2": 400.0, "Carbon_tha_24": 39.1151, "NDVI": 0.782, "NIRv": 0.1942 }, "geometry": { "type": "Polygon", "coordinates": [ [ [ 117.315802839923492, 42.411188829770687 ], [ 117.315559778013679, 42.411189499091769 ], [ 117.315560680893384, 42.411369616748367 ], [ 117.31580374349862, 42.411368947423085 ], [ 117.315802839923492, 42.411188829770687 ] ] ] } },
{ "type": "Feature", "properties": { "Grid_ID": 25, "Row": 2, "Col": 1, "Area_m2": 400.0, "Carbon_tha_24": 3.9048, "NDVI": 0.5176, "NIRv": 0.1363 }, "geometry": { "type": "Polygon", "coordinates": [ [ [ 117.310211526343025, 42.41102397602161 ], [ 117.309968464939928, 42.411024633485816 ], [ 117.309969351816818, 42.411204751243758 ], [ 117.310212413915323, 42.411204093775424 ], [ 117.310211526343025, 42.41102397602161 ] ] ] } },
{ "type": "Feature", "properties": { "Grid_ID": 26, "Row": 2, "Col": 2, "Area_m2": 400.0, "Carbon_tha_24": 36.8193, "NDVI": 0.6678, "NIRv": 0.1537 }, "geometry": { "type": "Polygon", "coordinates": [ [ [ 117.310454587738008, 42.411023318042069 ], [ 117.310211526343025, 42.41102397602161 ], [ 117.310212413915323, 42.411204093775424 ], [ 117.3104554760057, 42.411203435791762 ], [ 117.310454587738008, 42.411023318042069 ] ] ] } },
{ "type": "Feature", "properties": { "Grid_ID": 27, "Row": 2, "Col": 3, "Area_m2": 400.0, "Carbon_tha_24": 50.8212, "NDVI": 0.768, "NIRv": 0.176 }, "geometry": { "type": "Polygon", "coordinates": [ [ [ 117.310697649124819, 42.411022659547193 ], [ 117.310454587738008, 42.411023318042069 ], [ 117.3104554760057, 42.411203435791762 ], [ 117.310698538087962, 42.41120277729275 ], [ 117.310697649124819, 42.411022659547193 ] ] ] } },
{ "type": "Feature", "properties": { "Grid_ID": 28, "Row": 2, "Col": 4, "Area_m2": 400.0, "Carbon_tha_24": 52.7368, "NDVI": 0.7664, "NIRv": 0.1775 }, "geometry": { "type": "Polygon", "coordinates": [ [ [ 117.310940710503502, 42.411022000536974 ], [ 117.310697649124819, 42.411022659547193 ], [ 117.310698538087962, 42.41120277729275 ], [ 117.310941600162053, 42.411202118278403 ], [ 117.310940710503502, 42.411022000536974 ] ] ] } },
{ "type": "Feature", "properties": { "Grid_ID": 29, "Row": 2, "Col": 5, "Area_m2": 400.0, "Carbon_tha_24": 34.7654, "NDVI": 0.7347, "NIRv": 0.1787 }, "geometry": { "type": "Polygon", "coordinates": [ [ [ 117.311183771874028, 42.411021341011441 ], [ 117.310940710503502, 42.411022000536974 ], [ 117.310941600162053, 42.411202118278403 ], [ 117.311184662228001, 42.411201458748728 ], [ 117.311183771874028, 42.411021341011441 ] ] ] } },
{ "type": "Feature", "properties": { "Grid_ID": 30, "Row": 2, "Col": 6, "Area_m2": 400.0, "Carbon_tha_24": 51.2598, "NDVI": 0.7569, "NIRv": 0.1779 }, "geometry": { "type": "Polygon", "coordinates": [ [ [ 117.311426833236425, 42.411020680970566 ], [ 117.311183771874028, 42.411021341011441 ], [ 117.311184662228001, 42.411201458748728 ], [ 117.311427724285778, 42.411200798703696 ], [ 117.311426833236425, 42.411020680970566 ] ] ] } },
{ "type": "Feature", "properties": { "Grid_ID": 31, "Row": 2, "Col": 7, "Area_m2": 400.0, "Carbon_tha_24": 44.9756, "NDVI": 0.7793, "NIRv": 0.1891 }, "geometry": { "type": "Polygon", "coordinates": [ [ [ 117.311669894590608, 42.411020020414341 ], [ 117.311426833236425, 42.411020680970566 ], [ 117.311427724285778, 42.411200798703696 ], [ 117.311670786335398, 42.41120013814335 ], [ 117.311669894590608, 42.411020020414341 ] ] ] } },
{ "type": "Feature", "properties": { "Grid_ID": 32, "Row": 2, "Col": 8, "Area_m2": 400.0, "Carbon_tha_24": 51.9623, "NDVI": 0.7925, "NIRv": 0.1936 }, "geometry": { "type": "Polygon", "coordinates": [ [ [ 117.311912955936663, 42.411019359342788 ], [ 117.311669894590608, 42.411020020414341 ], [ 117.311670786335398, 42.41120013814335 ], [ 117.311913848376875, 42.411199477067655 ], [ 117.311912955936663, 42.411019359342788 ] ] ] } },
{ "type": "Feature", "properties": { "Grid_ID": 33, "Row": 2, "Col": 9, "Area_m2": 400.0, "Carbon_tha_24": 63.4055, "NDVI": 0.7947, "NIRv": 0.1918 }, "geometry": { "type": "Polygon", "coordinates": [ [ [ 117.312156017274518, 42.411018697755907 ], [ 117.311912955936663, 42.411019359342788 ], [ 117.311913848376875, 42.411199477067655 ], [ 117.312156910410124, 42.411198815476617 ], [ 117.312156017274518, 42.411018697755907 ] ] ] } },
{ "type": "Feature", "properties": { "Grid_ID": 34, "Row": 2, "Col": 10, "Area_m2": 400.0, "Carbon_tha_24": 65.8263, "NDVI": 0.8134, "NIRv": 0.2043 }, "geometry": { "type": "Polygon", "coordinates": [ [ [ 117.312399078604173, 42.411018035653697 ], [ 117.312156017274518, 42.411018697755907 ], [ 117.312156910410124, 42.411198815476617 ], [ 117.31239997243523, 42.41119815337025 ], [ 117.312399078604173, 42.411018035653697 ] ] ] } },
{ "type": "Feature", "properties": { "Grid_ID": 35, "Row": 2, "Col": 11, "Area_m2": 400.0, "Carbon_tha_24": 49.957, "NDVI": 0.8075, "NIRv": 0.1964 }, "geometry": { "type": "Polygon", "coordinates": [ [ [ 117.312642139925643, 42.411017373036145 ], [ 117.312399078604173, 42.411018035653697 ], [ 117.31239997243523, 42.41119815337025 ], [ 117.312643034452122, 42.411197490748549 ], [ 117.312642139925643, 42.411017373036145 ] ] ] } },
{ "type": "Feature", "properties": { "Grid_ID": 36, "Row": 2, "Col": 12, "Area_m2": 400.0, "Carbon_tha_24": 50.5674, "NDVI": 0.7962, "NIRv": 0.1942 }, "geometry": { "type": "Polygon", "coordinates": [ [ [ 117.312885201238956, 42.411016709903258 ], [ 117.312642139925643, 42.411017373036145 ], [ 117.312643034452122, 42.411197490748549 ], [ 117.312886096460815, 42.411196827611505 ], [ 117.312885201238956, 42.411016709903258 ] ] ] } },
{ "type": "Feature", "properties": { "Grid_ID": 37, "Row": 2, "Col": 13, "Area_m2": 400.0, "Carbon_tha_24": 63.3431, "NDVI": 0.8067, "NIRv": 0.1973 }, "geometry": { "type": "Polygon", "coordinates": [ [ [ 117.313128262544012, 42.411016046255035 ], [ 117.312885201238956, 42.411016709903258 ], [ 117.312886096460815, 42.411196827611505 ], [ 117.313129158461308, 42.411196163959126 ], [ 117.313128262544012, 42.411016046255035 ] ] ] } },
{ "type": "Feature", "properties": { "Grid_ID": 38, "Row": 2, "Col": 14, "Area_m2": 400.0, "Carbon_tha_24": 53.7741, "NDVI": 0.7991, "NIRv": 0.1959 }, "geometry": { "type": "Polygon", "coordinates": [ [ [ 117.313371323840897, 42.41101538209147 ], [ 117.313128262544012, 42.411016046255035 ], [ 117.313129158461308, 42.411196163959126 ], [ 117.313372220453587, 42.411195499791404 ], [ 117.313371323840897, 42.41101538209147 ] ] ] } },
{ "type": "Feature", "properties": { "Grid_ID": 39, "Row": 2, "Col": 15, "Area_m2": 400.0, "Carbon_tha_24": 53.0177, "NDVI": 0.8061, "NIRv": 0.1929 }, "geometry": { "type": "Polygon", "coordinates": [ [ [ 117.31361438512954, 42.411014717412598 ], [ 117.313371323840897, 42.41101538209147 ], [ 117.313372220453587, 42.411195499791404 ], [ 117.313615282437652, 42.411194835108347 ], [ 117.31361438512954, 42.411014717412598 ] ] ] } },
{ "type": "Feature", "properties": { "Grid_ID": 40, "Row": 2, "Col": 16, "Area_m2": 400.0, "Carbon_tha_24": 63.2212, "NDVI": 0.8243, "NIRv": 0.1986 }, "geometry": { "type": "Polygon", "coordinates": [ [ [ 117.313857446409969, 42.41101405221837 ], [ 117.31361438512954, 42.411014717412598 ], [ 117.313615282437652, 42.411194835108347 ], [ 117.313858344413504, 42.411194169909955 ], [ 117.313857446409969, 42.41101405221837 ] ] ] } },
{ "type": "Feature", "properties": { "Grid_ID": 41, "Row": 2, "Col": 17, "Area_m2": 400.0, "Carbon_tha_24": 60.7818, "NDVI": 0.7954, "NIRv": 0.1996 }, "geometry": { "type": "Polygon", "coordinates": [ [ [ 117.314100507682184, 42.41101338650882 ], [ 117.313857446409969, 42.41101405221837 ], [ 117.313858344413504, 42.411194169909955 ], [ 117.314101406381141, 42.41119350419622 ], [ 117.314100507682184, 42.41101338650882 ] ] ] } },
{ "type": "Feature", "properties": { "Grid_ID": 42, "Row": 2, "Col": 18, "Area_m2": 400.0, "Carbon_tha_24": 24.3845, "NDVI": 0.7341, "NIRv": 0.2074 }, "geometry": { "type": "Polygon", "coordinates": [ [ [ 117.314343568946143, 42.411012720283935 ], [ 117.314100507682184, 42.41101338650882 ], [ 117.314101406381141, 42.41119350419622 ], [ 117.314344468340494, 42.411192837967164 ], [ 117.314343568946143, 42.411012720283935 ] ] ] } },
{ "type": "Feature", "properties": { "Grid_ID": 43, "Row": 2, "Col": 19, "Area_m2": 400.0, "Carbon_tha_24": 43.1767, "NDVI": 0.7461, "NIRv": 0.192 }, "geometry": { "type": "Polygon", "coordinates": [ [ [ 117.314586630201873, 42.411012053543715 ], [ 117.314343568946143, 42.411012720283935 ], [ 117.314344468340494, 42.411192837967164 ], [ 117.314587530291647, 42.411192171222758 ], [ 117.314586630201873, 42.411012053543715 ] ] ] } },
{ "type": "Feature", "properties": { "Grid_ID": 44, "Row": 2, "Col": 20, "Area_m2": 400.0, "Carbon_tha_24": 26.757, "NDVI": 0.7315, "NIRv": 0.1889 }, "geometry": { "type": "Polygon", "coordinates": [ [ [ 117.314829691449347, 42.411011386288152 ], [ 117.314586630201873, 42.411012053543715 ], [ 117.314587530291647, 42.411192171222758 ], [ 117.314830592234543, 42.411191503963018 ], [ 117.314829691449347, 42.411011386288152 ] ] ] } },
{ "type": "Feature", "properties": { "Grid_ID": 45, "Row": 2, "Col": 21, "Area_m2": 400.0, "Carbon_tha_24": 30.5306, "NDVI": 0.7584, "NIRv": 0.1989 }, "geometry": { "type": "Polygon", "coordinates": [ [ [ 117.315072752688579, 42.411010718517261 ], [ 117.314829691449347, 42.411011386288152 ], [ 117.314830592234543, 42.411191503963018 ], [ 117.315073654169169, 42.411190836187949 ], [ 117.315072752688579, 42.411010718517261 ] ] ] } },
{ "type": "Feature", "properties": { "Grid_ID": 46, "Row": 2, "Col": 22, "Area_m2": 400.0, "Carbon_tha_24": 49.5223, "NDVI": 0.8036, "NIRv": 0.1996 }, "geometry": { "type": "Polygon", "coordinates": [ [ [ 117.31531581391954, 42.411010050231042 ], [ 117.315072752688579, 42.411010718517261 ], [ 117.315073654169169, 42.411190836187949 ], [ 117.315316716095552, 42.411190167897523 ], [ 117.31531581391954, 42.411010050231042 ] ] ] } },
{ "type": "Feature", "properties": { "Grid_ID": 47, "Row": 2, "Col": 23, "Area_m2": 400.0, "Carbon_tha_24": 55.4366, "NDVI": 0.8142, "NIRv": 0.1939 }, "geometry": { "type": "Polygon", "coordinates": [ [ [ 117.315558875142244, 42.411009381429473 ], [ 117.31531581391954, 42.411010050231042 ], [ 117.315316716095552, 42.411190167897523 ], [ 117.315559778013679, 42.411189499091769 ], [ 117.315558875142244, 42.411009381429473 ] ] ] } },
{ "type": "Feature", "properties": { "Grid_ID": 48, "Row": 2, "Col": 24, "Area_m2": 400.0, "Carbon_tha_24": 36.3635, "NDVI": 0.8116, "NIRv": 0.1942 }, "geometry": { "type": "Polygon", "coordinates": [ [ [ 117.315801936356664, 42.411008712112597 ], [ 117.315558875142244, 42.411009381429473 ], [ 117.315559778013679, 42.411189499091769 ], [ 117.315802839923492, 42.411188829770687 ], [ 117.315801936356664, 42.411008712112597 ] ] ] } },
{ "type": "Feature", "properties": { "Grid_ID": 49, "Row": 3, "Col": 1, "Area_m2": 400.0, "Carbon_tha_24": 11.689, "NDVI": 0.5813, "NIRv": 0.1488 }, "geometry": { "type": "Polygon", "coordinates": [ [ [ 117.310210638778855, 42.410843858262098 ], [ 117.309967578071152, 42.410844515722175 ], [ 117.309968464939928, 42.411024633485816 ], [ 117.310211526343025, 42.41102397602161 ], [ 117.310210638778855, 42.410843858262098 ] ] ] } },
{ "type": "Feature", "properties": { "Grid_ID": 50, "Row": 3, "Col": 2, "Area_m2": 400.0, "Carbon_tha_24": 36.9726, "NDVI": 0.6972, "NIRv": 0.157 }, "geometry": { "type": "Polygon", "coordinates": [ [ [ 117.310453699478416, 42.410843200286678 ], [ 117.310210638778855, 42.410843858262098 ], [ 117.310211526343025, 42.41102397602161 ], [ 117.310454587738008, 42.411023318042069 ], [ 117.310453699478416, 42.410843200286678 ] ] ] } },
{ "type": "Feature", "properties": { "Grid_ID": 51, "Row": 3, "Col": 3, "Area_m2": 400.0, "Carbon_tha_24": 42.7713, "NDVI": 0.7421, "NIRv": 0.1721 }, "geometry": { "type": "Polygon", "coordinates": [ [ [ 117.310696760169833, 42.410842541795937 ], [ 117.310453699478416, 42.410843200286678 ], [ 117.310454587738008, 42.411023318042069 ], [ 117.310697649124819, 42.411022659547193 ], [ 117.310696760169833, 42.410842541795937 ] ] ] } },
{ "type": "Feature", "properties": { "Grid_ID": 52, "Row": 3, "Col": 4, "Area_m2": 400.0, "Carbon_tha_24": 61.0089, "NDVI": 0.7851, "NIRv": 0.1835 }, "geometry": { "type": "Polygon", "coordinates": [ [ [ 117.310939820853108, 42.410841882789853 ], [ 117.310696760169833, 42.410842541795937 ], [ 117.310697649124819, 42.411022659547193 ], [ 117.310940710503502, 42.411022000536974 ], [ 117.310939820853108, 42.410841882789853 ] ] ] } },
{ "type": "Feature", "properties": { "Grid_ID": 53, "Row": 3, "Col": 5, "Area_m2": 400.0, "Carbon_tha_24": 38.8821, "NDVI": 0.7587, "NIRv": 0.1876 }, "geometry": { "type": "Polygon", "coordinates": [ [ [ 117.311182881528239, 42.410841223268442 ], [ 117.310939820853108, 42.410841882789853 ], [ 117.310940710503502, 42.411022000536974 ], [ 117.311183771874028, 42.411021341011441 ], [ 117.311182881528239, 42.410841223268442 ] ] ] } },
{ "type": "Feature", "properties": { "Grid_ID": 54, "Row": 3, "Col": 6, "Area_m2": 400.0, "Carbon_tha_24": 47.8414, "NDVI": 0.7705, "NIRv": 0.1827 }, "geometry": { "type": "Polygon", "coordinates": [ [ [ 117.3114259421952, 42.410840563231709 ], [ 117.311182881528239, 42.410841223268442 ], [ 117.311183771874028, 42.411021341011441 ], [ 117.311426833236425, 42.411020680970566 ], [ 117.3114259421952, 42.410840563231709 ] ] ] } },
{ "type": "Feature", "properties": { "Grid_ID": 55, "Row": 3, "Col": 7, "Area_m2": 400.0, "Carbon_tha_24": 50.2724, "NDVI": 0.7776, "NIRv": 0.1811 }, "geometry": { "type": "Polygon", "coordinates": [ [ [ 117.311669002853989, 42.410839902679626 ], [ 117.3114259421952, 42.410840563231709 ], [ 117.311426833236425, 42.411020680970566 ], [ 117.311669894590608, 42.411020020414341 ], [ 117.311669002853989, 42.410839902679626 ] ] ] } },
{ "type": "Feature", "properties": { "Grid_ID": 56, "Row": 3, "Col": 8, "Area_m2": 400.0, "Carbon_tha_24": 36.72, "NDVI": 0.7513, "NIRv": 0.1809 }, "geometry": { "type": "Polygon", "coordinates": [ [ [ 117.311912063504622, 42.410839241612223 ], [ 117.311669002853989, 42.410839902679626 ], [ 117.311669894590608, 42.411020020414341 ], [ 117.311912955936663, 42.411019359342788 ], [ 117.311912063504622, 42.410839241612223 ] ] ] } },
{ "type": "Feature", "properties": { "Grid_ID": 57, "Row": 3, "Col": 9, "Area_m2": 400.0, "Carbon_tha_24": 55.9813, "NDVI": 0.7913, "NIRv": 0.1976 }, "geometry": { "type": "Polygon", "coordinates": [ [ [ 117.312155124147054, 42.410838580029484 ], [ 117.311912063504622, 42.410839241612223 ], [ 117.311912955936663, 42.411019359342788 ], [ 117.312156017274518, 42.411018697755907 ], [ 117.312155124147054, 42.410838580029484 ] ] ] } },
{ "type": "Feature", "properties": { "Grid_ID": 58, "Row": 3, "Col": 10, "Area_m2": 400.0, "Carbon_tha_24": 44.6189, "NDVI": 0.8002, "NIRv": 0.2003 }, "geometry": { "type": "Polygon", "coordinates": [ [ [ 117.312398184781316, 42.410837917931424 ], [ 117.312155124147054, 42.410838580029484 ], [ 117.312156017274518, 42.411018697755907 ], [ 117.312399078604173, 42.411018035653697 ], [ 117.312398184781316, 42.410837917931424 ] ] ] } },
{ "type": "Feature", "properties": { "Grid_ID": 59, "Row": 3, "Col": 11, "Area_m2": 400.0, "Carbon_tha_24": 41.3605, "NDVI": 0.7885, "NIRv": 0.1952 }, "geometry": { "type": "Polygon", "coordinates": [ [ [ 117.312641245407391, 42.410837255318029 ], [ 117.312398184781316, 42.410837917931424 ], [ 117.312399078604173, 42.411018035653697 ], [ 117.312642139925643, 42.411017373036145 ], [ 117.312641245407391, 42.410837255318029 ] ] ] } },
{ "type": "Feature", "properties": { "Grid_ID": 60, "Row": 3, "Col": 12, "Area_m2": 400.0, "Carbon_tha_24": 32.1641, "NDVI": 0.7886, "NIRv": 0.1944 }, "geometry": { "type": "Polygon", "coordinates": [ [ [ 117.312884306025268, 42.410836592189305 ], [ 117.312641245407391, 42.410837255318029 ], [ 117.312642139925643, 42.411017373036145 ], [ 117.312885201238956, 42.411016709903258 ], [ 117.312884306025268, 42.410836592189305 ] ] ] } },
{ "type": "Feature", "properties": { "Grid_ID": 61, "Row": 3, "Col": 13, "Area_m2": 400.0, "Carbon_tha_24": 51.2977, "NDVI": 0.8037, "NIRv": 0.1996 }, "geometry": { "type": "Polygon", "coordinates": [ [ [ 117.31312736663493, 42.410835928545254 ], [ 117.312884306025268, 42.410836592189305 ], [ 117.312885201238956, 42.411016709903258 ], [ 117.313128262544012, 42.411016046255035 ], [ 117.31312736663493, 42.410835928545254 ] ] ] } },
{ "type": "Feature", "properties": { "Grid_ID": 62, "Row": 3, "Col": 14, "Area_m2": 400.0, "Carbon_tha_24": 46.94, "NDVI": 0.808, "NIRv": 0.2006 }, "geometry": { "type": "Polygon", "coordinates": [ [ [ 117.313370427236407, 42.410835264385852 ], [ 117.31312736663493, 42.410835928545254 ], [ 117.313128262544012, 42.411016046255035 ], [ 117.313371323840897, 42.41101538209147 ], [ 117.313370427236407, 42.410835264385852 ] ] ] } },
{ "type": "Feature", "properties": { "Grid_ID": 63, "Row": 3, "Col": 15, "Area_m2": 400.0, "Carbon_tha_24": 46.4331, "NDVI": 0.7785, "NIRv": 0.1915 }, "geometry": { "type": "Polygon", "coordinates": [ [ [ 117.313613487829656, 42.410834599711144 ], [ 117.313370427236407, 42.410835264385852 ], [ 117.313371323840897, 42.41101538209147 ], [ 117.31361438512954, 42.411014717412598 ], [ 117.313613487829656, 42.410834599711144 ] ] ] } },
{ "type": "Feature", "properties": { "Grid_ID": 64, "Row": 3, "Col": 16, "Area_m2": 400.0, "Carbon_tha_24": 47.9276, "NDVI": 0.8118, "NIRv": 0.1962 }, "geometry": { "type": "Polygon", "coordinates": [ [ [ 117.313856548414677, 42.410833934521094 ], [ 117.313613487829656, 42.410834599711144 ], [ 117.31361438512954, 42.411014717412598 ], [ 117.313857446409969, 42.41101405221837 ], [ 117.313856548414677, 42.410833934521094 ] ] ] } },
{ "type": "Feature", "properties": { "Grid_ID": 65, "Row": 3, "Col": 17, "Area_m2": 400.0, "Carbon_tha_24": 45.4784, "NDVI": 0.8058, "NIRv": 0.204 }, "geometry": { "type": "Polygon", "coordinates": [ [ [ 117.314099608991469, 42.410833268815715 ], [ 117.313856548414677, 42.410833934521094 ], [ 117.313857446409969, 42.41101405221837 ], [ 117.314100507682184, 42.41101338650882 ], [ 117.314099608991469, 42.410833268815715 ] ] ] } },
{ "type": "Feature", "properties": { "Grid_ID": 66, "Row": 3, "Col": 18, "Area_m2": 400.0, "Carbon_tha_24": 42.7697, "NDVI": 0.763, "NIRv": 0.2036 }, "geometry": { "type": "Polygon", "coordinates": [ [ [ 117.31434266956002, 42.410832602595008 ], [ 117.314099608991469, 42.410833268815715 ], [ 117.314100507682184, 42.41101338650882 ], [ 117.314343568946143, 42.411012720283935 ], [ 117.31434266956002, 42.410832602595008 ] ] ] } },
{ "type": "Feature", "properties": { "Grid_ID": 67, "Row": 3, "Col": 19, "Area_m2": 400.0, "Carbon_tha_24": 17.2829, "NDVI": 0.695, "NIRv": 0.1953 }, "geometry": { "type": "Polygon", "coordinates": [ [ [ 117.314585730120342, 42.410831935858958 ], [ 117.31434266956002, 42.410832602595008 ], [ 117.314343568946143, 42.411012720283935 ], [ 117.314586630201873, 42.411012053543715 ], [ 117.314585730120342, 42.410831935858958 ] ] ] } },
{ "type": "Feature", "properties": { "Grid_ID": 68, "Row": 3, "Col": 20, "Area_m2": 400.0, "Carbon_tha_24": 47.732, "NDVI": 0.7832, "NIRv": 0.1933 }, "geometry": { "type": "Polygon", "coordinates": [ [ [ 117.314828790672422, 42.410831268607588 ], [ 117.314585730120342, 42.410831935858958 ], [ 117.314586630201873, 42.411012053543715 ], [ 117.314829691449347, 42.411011386288152 ], [ 117.314828790672422, 42.410831268607588 ] ] ] } },
{ "type": "Feature", "properties": { "Grid_ID": 69, "Row": 3, "Col": 21, "Area_m2": 400.0, "Carbon_tha_24": 44.1301, "NDVI": 0.7578, "NIRv": 0.189 }, "geometry": { "type": "Polygon", "coordinates": [ [ [ 117.315071851216231, 42.410830600840875 ], [ 117.314828790672422, 42.410831268607588 ], [ 117.314829691449347, 42.411011386288152 ], [ 117.315072752688579, 42.411010718517261 ], [ 117.315071851216231, 42.410830600840875 ] ] ] } },
{ "type": "Feature", "properties": { "Grid_ID": 70, "Row": 3, "Col": 22, "Area_m2": 400.0, "Carbon_tha_24": 56.4015, "NDVI": 0.8144, "NIRv": 0.1996 }, "geometry": { "type": "Polygon", "coordinates": [ [ [ 117.31531491175177, 42.410829932558855 ], [ 117.315071851216231, 42.410830600840875 ], [ 117.315072752688579, 42.411010718517261 ], [ 117.31531581391954, 42.411010050231042 ], [ 117.31531491175177, 42.410829932558855 ] ] ] } },
{ "type": "Feature", "properties": { "Grid_ID": 71, "Row": 3, "Col": 23, "Area_m2": 400.0, "Carbon_tha_24": 50.0257, "NDVI": 0.8142, "NIRv": 0.2031 }, "geometry": { "type": "Polygon", "coordinates": [ [ [ 117.315557972279066, 42.410829263761492 ], [ 117.31531491175177, 42.410829932558855 ], [ 117.31531581391954, 42.411010050231042 ], [ 117.315558875142244, 42.411009381429473 ], [ 117.315557972279066, 42.410829263761492 ] ] ] } },
{ "type": "Feature", "properties": { "Grid_ID": 72, "Row": 3, "Col": 24, "Area_m2": 400.0, "Carbon_tha_24": 39.5422, "NDVI": 0.8233, "NIRv": 0.2061 }, "geometry": { "type": "Polygon", "coordinates": [ [ [ 117.315801032798078, 42.410828594448802 ], [ 117.315557972279066, 42.410829263761492 ], [ 117.315558875142244, 42.411009381429473 ], [ 117.315801936356664, 42.411008712112597 ], [ 117.315801032798078, 42.410828594448802 ] ] ] } },
{ "type": "Feature", "properties": { "Grid_ID": 73, "Row": 4, "Col": 1, "Area_m2": 400.0, "Carbon_tha_24": 42.2025, "NDVI": 0.7214, "NIRv": 0.1743 }, "geometry": { "type": "Polygon", "coordinates": [ [ [ 117.310209751222843, 42.410663740496901 ], [ 117.309966691210533, 42.410664397952857 ], [ 117.309967578071152, 42.410844515722175 ], [ 117.310210638778855, 42.410843858262098 ], [ 117.310209751222843, 42.410663740496901 ] ] ] } },
{ "type": "Feature", "properties": { "Grid_ID": 74, "Row": 4, "Col": 2, "Area_m2": 400.0, "Carbon_tha_24": 56.1809, "NDVI": 0.7795, "NIRv": 0.1831 }, "geometry": { "type": "Polygon", "coordinates": [ [ [ 117.310452811226966, 42.410663082525602 ], [ 117.310209751222843, 42.410663740496901 ], [ 117.310210638778855, 42.410843858262098 ], [ 117.310453699478416, 42.410843200286678 ], [ 117.310452811226966, 42.410663082525602 ] ] ] } },
{ "type": "Feature", "properties": { "Grid_ID": 75, "Row": 4, "Col": 3, "Area_m2": 400.0, "Carbon_tha_24": 76.6457, "NDVI": 0.8069, "NIRv": 0.1949 }, "geometry": { "type": "Polygon", "coordinates": [ [ [ 117.31069587122299, 42.410662424038989 ], [ 117.310452811226966, 42.410663082525602 ], [ 117.310453699478416, 42.410843200286678 ], [ 117.310696760169833, 42.410842541795937 ], [ 117.31069587122299, 42.410662424038989 ] ] ] } },
{ "type": "Feature", "properties": { "Grid_ID": 76, "Row": 4, "Col": 4, "Area_m2": 400.0, "Carbon_tha_24": 71.4588, "NDVI": 0.8131, "NIRv": 0.2012 }, "geometry": { "type": "Polygon", "coordinates": [ [ [ 117.31093893121087, 42.410661765037041 ], [ 117.31069587122299, 42.410662424038989 ], [ 117.310696760169833, 42.410842541795937 ], [ 117.310939820853108, 42.410841882789853 ], [ 117.31093893121087, 42.410661765037041 ] ] ] } },
{ "type": "Feature", "properties": { "Grid_ID": 77, "Row": 4, "Col": 5, "Area_m2": 400.0, "Carbon_tha_24": 55.4967, "NDVI": 0.8006, "NIRv": 0.198 }, "geometry": { "type": "Polygon", "coordinates": [ [ [ 117.31118199119058, 42.410661105519765 ], [ 117.31093893121087, 42.410661765037041 ], [ 117.310939820853108, 42.410841882789853 ], [ 117.311182881528239, 42.410841223268442 ], [ 117.31118199119058, 42.410661105519765 ] ] ] } },
{ "type": "Feature", "properties": { "Grid_ID": 78, "Row": 4, "Col": 6, "Area_m2": 400.0, "Carbon_tha_24": 69.2181, "NDVI": 0.827, "NIRv": 0.2132 }, "geometry": { "type": "Polygon", "coordinates": [ [ [ 117.311425051162146, 42.410660445487174 ], [ 117.31118199119058, 42.410661105519765 ], [ 117.311182881528239, 42.410841223268442 ], [ 117.3114259421952, 42.410840563231709 ], [ 117.311425051162146, 42.410660445487174 ] ] ] } },
{ "type": "Feature", "properties": { "Grid_ID": 79, "Row": 4, "Col": 7, "Area_m2": 400.0, "Carbon_tha_24": 71.6555, "NDVI": 0.8338, "NIRv": 0.213 }, "geometry": { "type": "Polygon", "coordinates": [ [ [ 117.311668111125542, 42.410659784939234 ], [ 117.311425051162146, 42.410660445487174 ], [ 117.3114259421952, 42.410840563231709 ], [ 117.311669002853989, 42.410839902679626 ], [ 117.311668111125542, 42.410659784939234 ] ] ] } },
{ "type": "Feature", "properties": { "Grid_ID": 80, "Row": 4, "Col": 8, "Area_m2": 400.0, "Carbon_tha_24": 68.0378, "NDVI": 0.8311, "NIRv": 0.2097 }, "geometry": { "type": "Polygon", "coordinates": [ [ [ 117.311911171080737, 42.410659123875973 ], [ 117.311668111125542, 42.410659784939234 ], [ 117.311669002853989, 42.410839902679626 ], [ 117.311912063504622, 42.410839241612223 ], [ 117.311911171080737, 42.410659123875973 ] ] ] } },
{ "type": "Feature", "properties": { "Grid_ID": 81, "Row": 4, "Col": 9, "Area_m2": 400.0, "Carbon_tha_24": 57.6244, "NDVI": 0.8339, "NIRv": 0.2117 }, "geometry": { "type": "Polygon", "coordinates": [ [ [ 117.312154231027804, 42.410658462297391 ], [ 117.311911171080737, 42.410659123875973 ], [ 117.311912063504622, 42.410839241612223 ], [ 117.312155124147054, 42.410838580029484 ], [ 117.312154231027804, 42.410658462297391 ] ] ] } },
{ "type": "Feature", "properties": { "Grid_ID": 82, "Row": 4, "Col": 10, "Area_m2": 400.0, "Carbon_tha_24": 71.079, "NDVI": 0.8327, "NIRv": 0.2129 }, "geometry": { "type": "Polygon", "coordinates": [ [ [ 117.312397290966658, 42.410657800203481 ], [ 117.312154231027804, 42.410658462297391 ], [ 117.312155124147054, 42.410838580029484 ], [ 117.312398184781316, 42.410837917931424 ], [ 117.312397290966658, 42.410657800203481 ] ] ] } },
{ "type": "Feature", "properties": { "Grid_ID": 83, "Row": 4, "Col": 11, "Area_m2": 400.0, "Carbon_tha_24": 59.5939, "NDVI": 0.8399, "NIRv": 0.2154 }, "geometry": { "type": "Polygon", "coordinates": [ [ [ 117.312640350897325, 42.410657137594235 ], [ 117.312397290966658, 42.410657800203481 ], [ 117.312398184781316, 42.410837917931424 ], [ 117.312641245407391, 42.410837255318029 ], [ 117.312640350897325, 42.410657137594235 ] ] ] } },
{ "type": "Feature", "properties": { "Grid_ID": 84, "Row": 4, "Col": 12, "Area_m2": 400.0, "Carbon_tha_24": 76.6277, "NDVI": 0.8392, "NIRv": 0.2189 }, "geometry": { "type": "Polygon", "coordinates": [ [ [ 117.312883410819808, 42.410656474469668 ], [ 117.312640350897325, 42.410657137594235 ], [ 117.312641245407391, 42.410837255318029 ], [ 117.312884306025268, 42.410836592189305 ], [ 117.312883410819808, 42.410656474469668 ] ] ] } },
{ "type": "Feature", "properties": { "Grid_ID": 85, "Row": 4, "Col": 13, "Area_m2": 400.0, "Carbon_tha_24": 64.9547, "NDVI": 0.8346, "NIRv": 0.2136 }, "geometry": { "type": "Polygon", "coordinates": [ [ [ 117.313126470734076, 42.41065581082978 ], [ 117.312883410819808, 42.410656474469668 ], [ 117.312884306025268, 42.410836592189305 ], [ 117.31312736663493, 42.410835928545254 ], [ 117.313126470734076, 42.41065581082978 ] ] ] } },
{ "type": "Feature", "properties": { "Grid_ID": 86, "Row": 4, "Col": 14, "Area_m2": 400.0, "Carbon_tha_24": 72.4385, "NDVI": 0.8354, "NIRv": 0.2098 }, "geometry": { "type": "Polygon", "coordinates": [ [ [ 117.313369530640131, 42.41065514667455 ], [ 117.313126470734076, 42.41065581082978 ], [ 117.31312736663493, 42.410835928545254 ], [ 117.313370427236407, 42.410835264385852 ], [ 117.313369530640131, 42.41065514667455 ] ] ] } },
{ "type": "Feature", "properties": { "Grid_ID": 87, "Row": 4, "Col": 15, "Area_m2": 400.0, "Carbon_tha_24": 72.2189, "NDVI": 0.8402, "NIRv": 0.2122 }, "geometry": { "type": "Polygon", "coordinates": [ [ [ 117.313612590537971, 42.410654482004006 ], [ 117.313369530640131, 42.41065514667455 ], [ 117.313370427236407, 42.410835264385852 ], [ 117.313613487829656, 42.410834599711144 ], [ 117.313612590537971, 42.410654482004006 ] ] ] } },
{ "type": "Feature", "properties": { "Grid_ID": 88, "Row": 4, "Col": 16, "Area_m2": 400.0, "Carbon_tha_24": 61.3439, "NDVI": 0.8422, "NIRv": 0.2128 }, "geometry": { "type": "Polygon", "coordinates": [ [ [ 117.313855650427584, 42.410653816818119 ], [ 117.313612590537971, 42.410654482004006 ], [ 117.313613487829656, 42.410834599711144 ], [ 117.313856548414677, 42.410833934521094 ], [ 117.313855650427584, 42.410653816818119 ] ] ] } },
{ "type": "Feature", "properties": { "Grid_ID": 89, "Row": 4, "Col": 17, "Area_m2": 400.0, "Carbon_tha_24": 59.5659, "NDVI": 0.8424, "NIRv": 0.2117 }, "geometry": { "type": "Polygon", "coordinates": [ [ [ 117.314098710308983, 42.410653151116911 ], [ 117.313855650427584, 42.410653816818119 ], [ 117.313856548414677, 42.410833934521094 ], [ 117.314099608991469, 42.410833268815715 ], [ 117.314098710308983, 42.410653151116911 ] ] ] } },
{ "type": "Feature", "properties": { "Grid_ID": 90, "Row": 4, "Col": 18, "Area_m2": 400.0, "Carbon_tha_24": 62.5309, "NDVI": 0.8351, "NIRv": 0.2112 }, "geometry": { "type": "Polygon", "coordinates": [ [ [ 117.314341770182153, 42.410652484900389 ], [ 117.314098710308983, 42.410653151116911 ], [ 117.314099608991469, 42.410833268815715 ], [ 117.31434266956002, 42.410832602595008 ], [ 117.314341770182153, 42.410652484900389 ] ] ] } },
{ "type": "Feature", "properties": { "Grid_ID": 91, "Row": 4, "Col": 19, "Area_m2": 400.0, "Carbon_tha_24": 40.118, "NDVI": 0.7776, "NIRv": 0.2178 }, "geometry": { "type": "Polygon", "coordinates": [ [ [ 117.314584830047053, 42.410651818168525 ], [ 117.314341770182153, 42.410652484900389 ], [ 117.31434266956002, 42.410832602595008 ], [ 117.314585730120342, 42.410831935858958 ], [ 117.314584830047053, 42.410651818168525 ] ] ] } },
{ "type": "Feature", "properties": { "Grid_ID": 92, "Row": 4, "Col": 20, "Area_m2": 400.0, "Carbon_tha_24": 36.4212, "NDVI": 0.8046, "NIRv": 0.2178 }, "geometry": { "type": "Polygon", "coordinates": [ [ [ 117.314827889903739, 42.410651150921339 ], [ 117.314584830047053, 42.410651818168525 ], [ 117.314585730120342, 42.410831935858958 ], [ 117.314828790672422, 42.410831268607588 ], [ 117.314827889903739, 42.410651150921339 ] ] ] } },
{ "type": "Feature", "properties": { "Grid_ID": 93, "Row": 4, "Col": 21, "Area_m2": 400.0, "Carbon_tha_24": 50.3616, "NDVI": 0.8123, "NIRv": 0.2091 }, "geometry": { "type": "Polygon", "coordinates": [ [ [ 117.315070949752155, 42.410650483158825 ], [ 117.314827889903739, 42.410651150921339 ], [ 117.314828790672422, 42.410831268607588 ], [ 117.315071851216231, 42.410830600840875 ], [ 117.315070949752155, 42.410650483158825 ] ] ] } },
{ "type": "Feature", "properties": { "Grid_ID": 94, "Row": 4, "Col": 22, "Area_m2": 400.0, "Carbon_tha_24": 48.081, "NDVI": 0.8314, "NIRv": 0.2115 }, "geometry": { "type": "Polygon", "coordinates": [ [ [ 117.315314009592299, 42.410649814880983 ], [ 117.315070949752155, 42.410650483158825 ], [ 117.315071851216231, 42.410830600840875 ], [ 117.31531491175177, 42.410829932558855 ], [ 117.315314009592299, 42.410649814880983 ] ] ] } },
{ "type": "Feature", "properties": { "Grid_ID": 95, "Row": 4, "Col": 23, "Area_m2": 400.0, "Carbon_tha_24": 47.1655, "NDVI": 0.8336, "NIRv": 0.2094 }, "geometry": { "type": "Polygon", "coordinates": [ [ [ 117.315557069424173, 42.410649146087813 ], [ 117.315314009592299, 42.410649814880983 ], [ 117.31531491175177, 42.410829932558855 ], [ 117.315557972279066, 42.410829263761492 ], [ 117.315557069424173, 42.410649146087813 ] ] ] } },
{ "type": "Feature", "properties": { "Grid_ID": 96, "Row": 4, "Col": 24, "Area_m2": 400.0, "Carbon_tha_24": 50.5927, "NDVI": 0.8334, "NIRv": 0.212 }, "geometry": { "type": "Polygon", "coordinates": [ [ [ 117.315800129247776, 42.410648476779315 ], [ 117.315557069424173, 42.410649146087813 ], [ 117.315557972279066, 42.410829263761492 ], [ 117.315801032798078, 42.410828594448802 ], [ 117.315800129247776, 42.410648476779315 ] ] ] } },
{ "type": "Feature", "properties": { "Grid_ID": 97, "Row": 5, "Col": 1, "Area_m2": 400.0, "Carbon_tha_24": 94.1077, "NDVI": 0.8288, "NIRv": 0.2186 }, "geometry": { "type": "Polygon", "coordinates": [ [ [ 117.31020886367493, 42.410483622725998 ], [ 117.309965804358029, 42.410484280177833 ], [ 117.309966691210533, 42.410664397952857 ], [ 117.310209751222843, 42.410663740496901 ], [ 117.31020886367493, 42.410483622725998 ] ] ] } },
{ "type": "Feature", "properties": { "Grid_ID": 98, "Row": 5, "Col": 2, "Area_m2": 400.0, "Carbon_tha_24": 77.8411, "NDVI": 0.8314, "NIRv": 0.2215 }, "geometry": { "type": "Polygon", "coordinates": [ [ [ 117.310451922983674, 42.410482964758828 ], [ 117.31020886367493, 42.410483622725998 ], [ 117.310209751222843, 42.410663740496901 ], [ 117.310452811226966, 42.410663082525602 ], [ 117.310451922983674, 42.410482964758828 ] ] ] } },
{ "type": "Feature", "properties": { "Grid_ID": 99, "Row": 5, "Col": 3, "Area_m2": 400.0, "Carbon_tha_24": 87.2915, "NDVI": 0.8368, "NIRv": 0.2309 }, "geometry": { "type": "Polygon", "coordinates": [ [ [ 117.310694982284289, 42.41048230627635 ], [ 117.310451922983674, 42.410482964758828 ], [ 117.310452811226966, 42.410663082525602 ], [ 117.31069587122299, 42.410662424038989 ], [ 117.310694982284289, 42.41048230627635 ] ] ] } },
{ "type": "Feature", "properties": { "Grid_ID": 100, "Row": 5, "Col": 4, "Area_m2": 400.0, "Carbon_tha_24": 72.4861, "NDVI": 0.8256, "NIRv": 0.2301 }, "geometry": { "type": "Polygon", "coordinates": [ [ [ 117.310938041576776, 42.410481647278523 ], [ 117.310694982284289, 42.41048230627635 ], [ 117.31069587122299, 42.410662424038989 ], [ 117.31093893121087, 42.410661765037041 ], [ 117.310938041576776, 42.410481647278523 ] ] ] } },
{ "type": "Feature", "properties": { "Grid_ID": 101, "Row": 5, "Col": 5, "Area_m2": 400.0, "Carbon_tha_24": 69.1697, "NDVI": 0.8163, "NIRv": 0.2233 }, "geometry": { "type": "Polygon", "coordinates": [ [ [ 117.311181100861077, 42.410480987765389 ], [ 117.310938041576776, 42.410481647278523 ], [ 117.31093893121087, 42.410661765037041 ], [ 117.31118199119058, 42.410661105519765 ], [ 117.311181100861077, 42.410480987765389 ] ] ] } },
{ "type": "Feature", "properties": { "Grid_ID": 102, "Row": 5, "Col": 6, "Area_m2": 400.0, "Carbon_tha_24": 80.776, "NDVI": 0.8338, "NIRv": 0.2262 }, "geometry": { "type": "Polygon", "coordinates": [ [ [ 117.31142416013725, 42.41048032773692 ], [ 117.311181100861077, 42.410480987765389 ], [ 117.31118199119058, 42.410661105519765 ], [ 117.311425051162146, 42.410660445487174 ], [ 117.31142416013725, 42.41048032773692 ] ] ] } },
{ "type": "Feature", "properties": { "Grid_ID": 103, "Row": 5, "Col": 7, "Area_m2": 400.0, "Carbon_tha_24": 71.0445, "NDVI": 0.8462, "NIRv": 0.2296 }, "geometry": { "type": "Polygon", "coordinates": [ [ [ 117.311667219405251, 42.410479667193137 ], [ 117.31142416013725, 42.41048032773692 ], [ 117.311425051162146, 42.410660445487174 ], [ 117.311668111125542, 42.410659784939234 ], [ 117.311667219405251, 42.410479667193137 ] ] ] } },
{ "type": "Feature", "properties": { "Grid_ID": 104, "Row": 5, "Col": 8, "Area_m2": 400.0, "Carbon_tha_24": 63.7932, "NDVI": 0.8486, "NIRv": 0.235 }, "geometry": { "type": "Polygon", "coordinates": [ [ [ 117.311910278665081, 42.410479006134025 ], [ 117.311667219405251, 42.410479667193137 ], [ 117.311668111125542, 42.410659784939234 ], [ 117.311911171080737, 42.410659123875973 ], [ 117.311910278665081, 42.410479006134025 ] ] ] } },
{ "type": "Feature", "properties": { "Grid_ID": 105, "Row": 5, "Col": 9, "Area_m2": 400.0, "Carbon_tha_24": 84.9046, "NDVI": 0.8366, "NIRv": 0.2335 }, "geometry": { "type": "Polygon", "coordinates": [ [ [ 117.312153337916726, 42.410478344559593 ], [ 117.311910278665081, 42.410479006134025 ], [ 117.311911171080737, 42.410659123875973 ], [ 117.312154231027804, 42.410658462297391 ], [ 117.312153337916726, 42.410478344559593 ] ] ] } },
{ "type": "Feature", "properties": { "Grid_ID": 106, "Row": 5, "Col": 10, "Area_m2": 400.0, "Carbon_tha_24": 77.1475, "NDVI": 0.8493, "NIRv": 0.2336 }, "geometry": { "type": "Polygon", "coordinates": [ [ [ 117.312396397160171, 42.410477682469825 ], [ 117.312153337916726, 42.410478344559593 ], [ 117.312154231027804, 42.410658462297391 ], [ 117.312397290966658, 42.410657800203481 ], [ 117.312396397160171, 42.410477682469825 ] ] ] } },
{ "type": "Feature", "properties": { "Grid_ID": 107, "Row": 5, "Col": 11, "Area_m2": 400.0, "Carbon_tha_24": 51.5591, "NDVI": 0.8456, "NIRv": 0.2425 }, "geometry": { "type": "Polygon", "coordinates": [ [ [ 117.312639456395459, 42.410477019864743 ], [ 117.312396397160171, 42.410477682469825 ], [ 117.312397290966658, 42.410657800203481 ], [ 117.312640350897325, 42.410657137594235 ], [ 117.312639456395459, 42.410477019864743 ] ] ] } },
{ "type": "Feature", "properties": { "Grid_ID": 108, "Row": 5, "Col": 12, "Area_m2": 400.0, "Carbon_tha_24": 81.4563, "NDVI": 0.849, "NIRv": 0.2375 }, "geometry": { "type": "Polygon", "coordinates": [ [ [ 117.312882515622547, 42.410476356744333 ], [ 117.312639456395459, 42.410477019864743 ], [ 117.312640350897325, 42.410657137594235 ], [ 117.312883410819808, 42.410656474469668 ], [ 117.312882515622547, 42.410476356744333 ] ] ] } },
{ "type": "Feature", "properties": { "Grid_ID": 109, "Row": 5, "Col": 13, "Area_m2": 400.0, "Carbon_tha_24": 76.4925, "NDVI": 0.8595, "NIRv": 0.2408 }, "geometry": { "type": "Polygon", "coordinates": [ [ [ 117.313125574841408, 42.410475693108594 ], [ 117.312882515622547, 42.410476356744333 ], [ 117.312883410819808, 42.410656474469668 ], [ 117.313126470734076, 42.41065581082978 ], [ 117.313125574841408, 42.410475693108594 ] ] ] } },
{ "type": "Feature", "properties": { "Grid_ID": 110, "Row": 5, "Col": 14, "Area_m2": 400.0, "Carbon_tha_24": 84.9677, "NDVI": 0.861, "NIRv": 0.2462 }, "geometry": { "type": "Polygon", "coordinates": [ [ [ 117.313368634052068, 42.410475028957535 ], [ 117.313125574841408, 42.410475693108594 ], [ 117.313126470734076, 42.41065581082978 ], [ 117.313369530640131, 42.41065514667455 ], [ 117.313368634052068, 42.410475028957535 ] ] ] } },
{ "type": "Feature", "properties": { "Grid_ID": 111, "Row": 5, "Col": 15, "Area_m2": 400.0, "Carbon_tha_24": 83.2216, "NDVI": 0.8494, "NIRv": 0.2426 }, "geometry": { "type": "Polygon", "coordinates": [ [ [ 117.313611693254515, 42.410474364291147 ], [ 117.313368634052068, 42.410475028957535 ], [ 117.313369530640131, 42.41065514667455 ], [ 117.313612590537971, 42.410654482004006 ], [ 117.313611693254515, 42.410474364291147 ] ] ] } },
{ "type": "Feature", "properties": { "Grid_ID": 112, "Row": 5, "Col": 16, "Area_m2": 400.0, "Carbon_tha_24": 103.5078, "NDVI": 0.8559, "NIRv": 0.2468 }, "geometry": { "type": "Polygon", "coordinates": [ [ [ 117.313854752448734, 42.410473699109446 ], [ 117.313611693254515, 42.410474364291147 ], [ 117.313612590537971, 42.410654482004006 ], [ 117.313855650427584, 42.410653816818119 ], [ 117.313854752448734, 42.410473699109446 ] ] ] } },
{ "type": "Feature", "properties": { "Grid_ID": 113, "Row": 5, "Col": 17, "Area_m2": 400.0, "Carbon_tha_24": 59.0137, "NDVI": 0.8279, "NIRv": 0.2396 }, "geometry": { "type": "Polygon", "coordinates": [ [ [ 117.314097811634753, 42.410473033412416 ], [ 117.313854752448734, 42.410473699109446 ], [ 117.313855650427584, 42.410653816818119 ], [ 117.314098710308983, 42.410653151116911 ], [ 117.314097811634753, 42.410473033412416 ] ] ] } },
{ "type": "Feature", "properties": { "Grid_ID": 114, "Row": 5, "Col": 18, "Area_m2": 400.0, "Carbon_tha_24": 61.0578, "NDVI": 0.8189, "NIRv": 0.2371 }, "geometry": { "type": "Polygon", "coordinates": [ [ [ 117.314340870812501, 42.410472367200065 ], [ 117.314097811634753, 42.410473033412416 ], [ 117.314098710308983, 42.410653151116911 ], [ 117.314341770182153, 42.410652484900389 ], [ 117.314340870812501, 42.410472367200065 ] ] ] } },
{ "type": "Feature", "properties": { "Grid_ID": 115, "Row": 5, "Col": 19, "Area_m2": 400.0, "Carbon_tha_24": 71.4365, "NDVI": 0.8335, "NIRv": 0.2384 }, "geometry": { "type": "Polygon", "coordinates": [ [ [ 117.314583929982035, 42.410471700472378 ], [ 117.314340870812501, 42.410472367200065 ], [ 117.314341770182153, 42.410652484900389 ], [ 117.314584830047053, 42.410651818168525 ], [ 117.314583929982035, 42.410471700472378 ] ] ] } },
{ "type": "Feature", "properties": { "Grid_ID": 116, "Row": 5, "Col": 20, "Area_m2": 400.0, "Carbon_tha_24": 13.0304, "NDVI": 0.7477, "NIRv": 0.2362 }, "geometry": { "type": "Polygon", "coordinates": [ [ [ 117.314826989143299, 42.410471033229378 ], [ 117.314583929982035, 42.410471700472378 ], [ 117.314584830047053, 42.410651818168525 ], [ 117.314827889903739, 42.410651150921339 ], [ 117.314826989143299, 42.410471033229378 ] ] ] } },
{ "type": "Feature", "properties": { "Grid_ID": 117, "Row": 5, "Col": 21, "Area_m2": 400.0, "Carbon_tha_24": 67.3512, "NDVI": 0.8351, "NIRv": 0.2382 }, "geometry": { "type": "Polygon", "coordinates": [ [ [ 117.31507004829632, 42.410470365471056 ], [ 117.314826989143299, 42.410471033229378 ], [ 117.314827889903739, 42.410651150921339 ], [ 117.315070949752155, 42.410650483158825 ], [ 117.31507004829632, 42.410470365471056 ] ] ] } },
{ "type": "Feature", "properties": { "Grid_ID": 118, "Row": 5, "Col": 22, "Area_m2": 400.0, "Carbon_tha_24": 76.8584, "NDVI": 0.8382, "NIRv": 0.2329 }, "geometry": { "type": "Polygon", "coordinates": [ [ [ 117.315313107441071, 42.410469697197414 ], [ 117.31507004829632, 42.410470365471056 ], [ 117.315070949752155, 42.410650483158825 ], [ 117.315314009592299, 42.410649814880983 ], [ 117.315313107441071, 42.410469697197414 ] ] ] } },
{ "type": "Feature", "properties": { "Grid_ID": 119, "Row": 5, "Col": 23, "Area_m2": 400.0, "Carbon_tha_24": 78.6502, "NDVI": 0.8538, "NIRv": 0.2372 }, "geometry": { "type": "Polygon", "coordinates": [ [ [ 117.315556166577579, 42.410469028408421 ], [ 117.315313107441071, 42.410469697197414 ], [ 117.315314009592299, 42.410649814880983 ], [ 117.315557069424173, 42.410649146087813 ], [ 117.315556166577579, 42.410469028408421 ] ] ] } },
{ "type": "Feature", "properties": { "Grid_ID": 120, "Row": 5, "Col": 24, "Area_m2": 400.0, "Carbon_tha_24": 72.7125, "NDVI": 0.8504, "NIRv": 0.2378 }, "geometry": { "type": "Polygon", "coordinates": [ [ [ 117.315799225705788, 42.410468359104144 ], [ 117.315556166577579, 42.410469028408421 ], [ 117.315557069424173, 42.410649146087813 ], [ 117.315800129247776, 42.410648476779315 ], [ 117.315799225705788, 42.410468359104144 ] ] ] } },
{ "type": "Feature", "properties": { "Grid_ID": 121, "Row": 6, "Col": 1, "Area_m2": 400.0, "Carbon_tha_24": 77.8382, "NDVI": 0.8217, "NIRv": 0.2156 }, "geometry": { "type": "Polygon", "coordinates": [ [ [ 117.310207976135146, 42.410303504949397 ], [ 117.309964917513653, 42.410304162397111 ], [ 117.309965804358029, 42.410484280177833 ], [ 117.31020886367493, 42.410483622725998 ], [ 117.310207976135146, 42.410303504949397 ] ] ] } },
{ "type": "Feature", "properties": { "Grid_ID": 122, "Row": 6, "Col": 2, "Area_m2": 400.0, "Carbon_tha_24": 76.5776, "NDVI": 0.8332, "NIRv": 0.2215 }, "geometry": { "type": "Polygon", "coordinates": [ [ [ 117.31045103474851, 42.410302846986362 ], [ 117.310207976135146, 42.410303504949397 ], [ 117.31020886367493, 42.410483622725998 ], [ 117.310451922983674, 42.410482964758828 ], [ 117.31045103474851, 42.410302846986362 ] ] ] } },
{ "type": "Feature", "properties": { "Grid_ID": 123, "Row": 6, "Col": 3, "Area_m2": 400.0, "Carbon_tha_24": 69.3798, "NDVI": 0.8229, "NIRv": 0.2174 }, "geometry": { "type": "Polygon", "coordinates": [ [ [ 117.31069409335376, 42.410302188508005 ], [ 117.31045103474851, 42.410302846986362 ], [ 117.310451922983674, 42.410482964758828 ], [ 117.310694982284289, 42.41048230627635 ], [ 117.31069409335376, 42.410302188508005 ] ] ] } },
{ "type": "Feature", "properties": { "Grid_ID": 124, "Row": 6, "Col": 4, "Area_m2": 400.0, "Carbon_tha_24": 73.4162, "NDVI": 0.8132, "NIRv": 0.2145 }, "geometry": { "type": "Polygon", "coordinates": [ [ [ 117.310937151950839, 42.410301529514321 ], [ 117.31069409335376, 42.410302188508005 ], [ 117.310694982284289, 42.41048230627635 ], [ 117.310938041576776, 42.410481647278523 ], [ 117.310937151950839, 42.410301529514321 ] ] ] } },
{ "type": "Feature", "properties": { "Grid_ID": 125, "Row": 6, "Col": 5, "Area_m2": 400.0, "Carbon_tha_24": 72.9971, "NDVI": 0.7994, "NIRv": 0.2146 }, "geometry": { "type": "Polygon", "coordinates": [ [ [ 117.31118021053976, 42.410300870005322 ], [ 117.310937151950839, 42.410301529514321 ], [ 117.310938041576776, 42.410481647278523 ], [ 117.311181100861077, 42.410480987765389 ], [ 117.31118021053976, 42.410300870005322 ] ] ] } },
{ "type": "Feature", "properties": { "Grid_ID": 126, "Row": 6, "Col": 6, "Area_m2": 400.0, "Carbon_tha_24": 66.2866, "NDVI": 0.8225, "NIRv": 0.2157 }, "geometry": { "type": "Polygon", "coordinates": [ [ [ 117.311423269120525, 42.410300209980988 ], [ 117.31118021053976, 42.410300870005322 ], [ 117.311181100861077, 42.410480987765389 ], [ 117.31142416013725, 42.41048032773692 ], [ 117.311423269120525, 42.410300209980988 ] ] ] } },
{ "type": "Feature", "properties": { "Grid_ID": 127, "Row": 6, "Col": 7, "Area_m2": 400.0, "Carbon_tha_24": 80.5075, "NDVI": 0.8338, "NIRv": 0.219 }, "geometry": { "type": "Polygon", "coordinates": [ [ [ 117.311666327693132, 42.410299549441348 ], [ 117.311423269120525, 42.410300209980988 ], [ 117.31142416013725, 42.41048032773692 ], [ 117.311667219405251, 42.410479667193137 ], [ 117.311666327693132, 42.410299549441348 ] ] ] } },
{ "type": "Feature", "properties": { "Grid_ID": 128, "Row": 6, "Col": 8, "Area_m2": 400.0, "Carbon_tha_24": 77.1881, "NDVI": 0.8427, "NIRv": 0.2302 }, "geometry": { "type": "Polygon", "coordinates": [ [ [ 117.311909386257568, 42.410298888386379 ], [ 117.311666327693132, 42.410299549441348 ], [ 117.311667219405251, 42.410479667193137 ], [ 117.311910278665081, 42.410479006134025 ], [ 117.311909386257568, 42.410298888386379 ] ] ] } },
{ "type": "Feature", "properties": { "Grid_ID": 129, "Row": 6, "Col": 9, "Area_m2": 400.0, "Carbon_tha_24": 80.5711, "NDVI": 0.8328, "NIRv": 0.2306 }, "geometry": { "type": "Polygon", "coordinates": [ [ [ 117.312152444813847, 42.410298226816096 ], [ 117.311909386257568, 42.410298888386379 ], [ 117.311910278665081, 42.410479006134025 ], [ 117.312153337916726, 42.410478344559593 ], [ 117.312152444813847, 42.410298226816096 ] ] ] } },
{ "type": "Feature", "properties": { "Grid_ID": 130, "Row": 6, "Col": 10, "Area_m2": 400.0, "Carbon_tha_24": 77.3209, "NDVI": 0.8369, "NIRv": 0.2292 }, "geometry": { "type": "Polygon", "coordinates": [ [ [ 117.312395503361898, 42.410297564730477 ], [ 117.312152444813847, 42.410298226816096 ], [ 117.312153337916726, 42.410478344559593 ], [ 117.312396397160171, 42.410477682469825 ], [ 117.312395503361898, 42.410297564730477 ] ] ] } },
{ "type": "Feature", "properties": { "Grid_ID": 131, "Row": 6, "Col": 11, "Area_m2": 400.0, "Carbon_tha_24": 92.2686, "NDVI": 0.8314, "NIRv": 0.2207 }, "geometry": { "type": "Polygon", "coordinates": [ [ [ 117.312638561901778, 42.410296902129545 ], [ 117.312395503361898, 42.410297564730477 ], [ 117.312396397160171, 42.410477682469825 ], [ 117.312639456395459, 42.410477019864743 ], [ 117.312638561901778, 42.410296902129545 ] ] ] } },
{ "type": "Feature", "properties": { "Grid_ID": 132, "Row": 6, "Col": 12, "Area_m2": 400.0, "Carbon_tha_24": 88.8235, "NDVI": 0.841, "NIRv": 0.2255 }, "geometry": { "type": "Polygon", "coordinates": [ [ [ 117.312881620433473, 42.410296239013313 ], [ 117.312638561901778, 42.410296902129545 ], [ 117.312639456395459, 42.410477019864743 ], [ 117.312882515622547, 42.410476356744333 ], [ 117.312881620433473, 42.410296239013313 ] ] ] } },
{ "type": "Feature", "properties": { "Grid_ID": 133, "Row": 6, "Col": 13, "Area_m2": 400.0, "Carbon_tha_24": 80.8681, "NDVI": 0.8514, "NIRv": 0.2334 }, "geometry": { "type": "Polygon", "coordinates": [ [ [ 117.313124678956967, 42.410295575381731 ], [ 117.312881620433473, 42.410296239013313 ], [ 117.312882515622547, 42.410476356744333 ], [ 117.313125574841408, 42.410475693108594 ], [ 117.313124678956967, 42.410295575381731 ] ] ] } },
{ "type": "Feature", "properties": { "Grid_ID": 134, "Row": 6, "Col": 14, "Area_m2": 400.0, "Carbon_tha_24": 76.8975, "NDVI": 0.8426, "NIRv": 0.2425 }, "geometry": { "type": "Polygon", "coordinates": [ [ [ 117.31336773747222, 42.410294911234828 ], [ 117.313124678956967, 42.410295575381731 ], [ 117.313125574841408, 42.410475693108594 ], [ 117.313368634052068, 42.410475028957535 ], [ 117.31336773747222, 42.410294911234828 ] ] ] } },
{ "type": "Feature", "properties": { "Grid_ID": 135, "Row": 6, "Col": 15, "Area_m2": 400.0, "Carbon_tha_24": 56.7805, "NDVI": 0.8151, "NIRv": 0.2337 }, "geometry": { "type": "Polygon", "coordinates": [ [ [ 117.313610795979287, 42.410294246572626 ], [ 117.31336773747222, 42.410294911234828 ], [ 117.313368634052068, 42.410475028957535 ], [ 117.313611693254515, 42.410474364291147 ], [ 117.313610795979287, 42.410294246572626 ] ] ] } },
{ "type": "Feature", "properties": { "Grid_ID": 136, "Row": 6, "Col": 16, "Area_m2": 400.0, "Carbon_tha_24": 64.0405, "NDVI": 0.8278, "NIRv": 0.232 }, "geometry": { "type": "Polygon", "coordinates": [ [ [ 117.313853854478126, 42.410293581395088 ], [ 117.313610795979287, 42.410294246572626 ], [ 117.313611693254515, 42.410474364291147 ], [ 117.313854752448734, 42.410473699109446 ], [ 117.313853854478126, 42.410293581395088 ] ] ] } },
{ "type": "Feature", "properties": { "Grid_ID": 137, "Row": 6, "Col": 17, "Area_m2": 400.0, "Carbon_tha_24": 50.4738, "NDVI": 0.7902, "NIRv": 0.2306 }, "geometry": { "type": "Polygon", "coordinates": [ [ [ 117.314096912968722, 42.410292915702229 ], [ 117.313853854478126, 42.410293581395088 ], [ 117.313854752448734, 42.410473699109446 ], [ 117.314097811634753, 42.410473033412416 ], [ 117.314096912968722, 42.410292915702229 ] ] ] } },
{ "type": "Feature", "properties": { "Grid_ID": 138, "Row": 6, "Col": 18, "Area_m2": 400.0, "Carbon_tha_24": 17.504, "NDVI": 0.7476, "NIRv": 0.2055 }, "geometry": { "type": "Polygon", "coordinates": [ [ [ 117.314339971451105, 42.410292249494056 ], [ 117.314096912968722, 42.410292915702229 ], [ 117.314097811634753, 42.410473033412416 ], [ 117.314340870812501, 42.410472367200065 ], [ 117.314339971451105, 42.410292249494056 ] ] ] } },
{ "type": "Feature", "properties": { "Grid_ID": 139, "Row": 6, "Col": 19, "Area_m2": 400.0, "Carbon_tha_24": 68.7411, "NDVI": 0.8425, "NIRv": 0.2261 }, "geometry": { "type": "Polygon", "coordinates": [ [ [ 117.314583029925245, 42.410291582770554 ], [ 117.314339971451105, 42.410292249494056 ], [ 117.314340870812501, 42.410472367200065 ], [ 117.314583929982035, 42.410471700472378 ], [ 117.314583029925245, 42.410291582770554 ] ] ] } },
{ "type": "Feature", "properties": { "Grid_ID": 140, "Row": 6, "Col": 20, "Area_m2": 400.0, "Carbon_tha_24": 70.5567, "NDVI": 0.8021, "NIRv": 0.2222 }, "geometry": { "type": "Polygon", "coordinates": [ [ [ 117.314826088391129, 42.410290915531732 ], [ 117.314583029925245, 42.410291582770554 ], [ 117.314583929982035, 42.410471700472378 ], [ 117.314826989143299, 42.410471033229378 ], [ 117.314826088391129, 42.410290915531732 ] ] ] } },
{ "type": "Feature", "properties": { "Grid_ID": 141, "Row": 6, "Col": 21, "Area_m2": 400.0, "Carbon_tha_24": 34.0364, "NDVI": 0.7588, "NIRv": 0.2238 }, "geometry": { "type": "Polygon", "coordinates": [ [ [ 117.315069146848757, 42.410290247777588 ], [ 117.314826088391129, 42.410290915531732 ], [ 117.314826989143299, 42.410471033229378 ], [ 117.31507004829632, 42.410470365471056 ], [ 117.315069146848757, 42.410290247777588 ] ] ] } },
{ "type": "Feature", "properties": { "Grid_ID": 142, "Row": 6, "Col": 22, "Area_m2": 400.0, "Carbon_tha_24": 49.767, "NDVI": 0.7993, "NIRv": 0.2247 }, "geometry": { "type": "Polygon", "coordinates": [ [ [ 117.315312205298099, 42.410289579508138 ], [ 117.315069146848757, 42.410290247777588 ], [ 117.31507004829632, 42.410470365471056 ], [ 117.315313107441071, 42.410469697197414 ], [ 117.315312205298099, 42.410289579508138 ] ] ] } },
{ "type": "Feature", "properties": { "Grid_ID": 143, "Row": 6, "Col": 23, "Area_m2": 400.0, "Carbon_tha_24": 76.2684, "NDVI": 0.8505, "NIRv": 0.2343 }, "geometry": { "type": "Polygon", "coordinates": [ [ [ 117.315555263739213, 42.410288910723359 ], [ 117.315312205298099, 42.410289579508138 ], [ 117.315313107441071, 42.410469697197414 ], [ 117.315556166577579, 42.410469028408421 ], [ 117.315555263739213, 42.410288910723359 ] ] ] } },
{ "type": "Feature", "properties": { "Grid_ID": 144, "Row": 6, "Col": 24, "Area_m2": 400.0, "Carbon_tha_24": 77.1552, "NDVI": 0.8586, "NIRv": 0.2331 }, "geometry": { "type": "Polygon", "coordinates": [ [ [ 117.315798322172057, 42.410288241423252 ], [ 117.315555263739213, 42.410288910723359 ], [ 117.315556166577579, 42.410469028408421 ], [ 117.315799225705788, 42.410468359104144 ], [ 117.315798322172057, 42.410288241423252 ] ] ] } },
{ "type": "Feature", "properties": { "Grid_ID": 145, "Row": 7, "Col": 1, "Area_m2": 400.0, "Carbon_tha_24": 77.9687, "NDVI": 0.8265, "NIRv": 0.2151 }, "geometry": { "type": "Polygon", "coordinates": [ [ [ 117.310207088603519, 42.410123387167111 ], [ 117.309964030677406, 42.410124044610704 ], [ 117.309964917513653, 42.410304162397111 ], [ 117.310207976135146, 42.410303504949397 ], [ 117.310207088603519, 42.410123387167111 ] ] ] } },
{ "type": "Feature", "properties": { "Grid_ID": 146, "Row": 7, "Col": 2, "Area_m2": 400.0, "Carbon_tha_24": 72.289, "NDVI": 0.8244, "NIRv": 0.2127 }, "geometry": { "type": "Polygon", "coordinates": [ [ [ 117.31045014652149, 42.410122729208204 ], [ 117.310207088603519, 42.410123387167111 ], [ 117.310207976135146, 42.410303504949397 ], [ 117.31045103474851, 42.410302846986362 ], [ 117.31045014652149, 42.410122729208204 ] ] ] } },
{ "type": "Feature", "properties": { "Grid_ID": 147, "Row": 7, "Col": 3, "Area_m2": 400.0, "Carbon_tha_24": 77.1644, "NDVI": 0.8324, "NIRv": 0.2177 }, "geometry": { "type": "Polygon", "coordinates": [ [ [ 117.310693204431345, 42.410122070733976 ], [ 117.31045014652149, 42.410122729208204 ], [ 117.31045103474851, 42.410302846986362 ], [ 117.31069409335376, 42.410302188508005 ], [ 117.310693204431345, 42.410122070733976 ] ] ] } },
{ "type": "Feature", "properties": { "Grid_ID": 148, "Row": 7, "Col": 4, "Area_m2": 400.0, "Carbon_tha_24": 71.4663, "NDVI": 0.8293, "NIRv": 0.2203 }, "geometry": { "type": "Polygon", "coordinates": [ [ [ 117.31093626233303, 42.410121411744427 ], [ 117.310693204431345, 42.410122070733976 ], [ 117.31069409335376, 42.410302188508005 ], [ 117.310937151950839, 42.410301529514321 ], [ 117.31093626233303, 42.410121411744427 ] ] ] } },
{ "type": "Feature", "properties": { "Grid_ID": 149, "Row": 7, "Col": 5, "Area_m2": 400.0, "Carbon_tha_24": 71.8998, "NDVI": 0.8137, "NIRv": 0.2099 }, "geometry": { "type": "Polygon", "coordinates": [ [ [ 117.3111793202266, 42.410120752239557 ], [ 117.31093626233303, 42.410121411744427 ], [ 117.310937151950839, 42.410301529514321 ], [ 117.31118021053976, 42.410300870005322 ], [ 117.3111793202266, 42.410120752239557 ] ] ] } },
{ "type": "Feature", "properties": { "Grid_ID": 150, "Row": 7, "Col": 6, "Area_m2": 400.0, "Carbon_tha_24": 83.7576, "NDVI": 0.8363, "NIRv": 0.2152 }, "geometry": { "type": "Polygon", "coordinates": [ [ [ 117.311422378111985, 42.410120092219373 ], [ 117.3111793202266, 42.410120752239557 ], [ 117.31118021053976, 42.410300870005322 ], [ 117.311423269120525, 42.410300209980988 ], [ 117.311422378111985, 42.410120092219373 ] ] ] } },
{ "type": "Feature", "properties": { "Grid_ID": 151, "Row": 7, "Col": 7, "Area_m2": 400.0, "Carbon_tha_24": 49.8972, "NDVI": 0.8336, "NIRv": 0.2139 }, "geometry": { "type": "Polygon", "coordinates": [ [ [ 117.311665435989184, 42.410119431683874 ], [ 117.311422378111985, 42.410120092219373 ], [ 117.311423269120525, 42.410300209980988 ], [ 117.311666327693132, 42.410299549441348 ], [ 117.311665435989184, 42.410119431683874 ] ] ] } },
{ "type": "Feature", "properties": { "Grid_ID": 152, "Row": 7, "Col": 8, "Area_m2": 400.0, "Carbon_tha_24": 76.557, "NDVI": 0.8239, "NIRv": 0.2205 }, "geometry": { "type": "Polygon", "coordinates": [ [ [ 117.311908493858255, 42.410118770633041 ], [ 117.311665435989184, 42.410119431683874 ], [ 117.311666327693132, 42.410299549441348 ], [ 117.311909386257568, 42.410298888386379 ], [ 117.311908493858255, 42.410118770633041 ] ] ] } },
{ "type": "Feature", "properties": { "Grid_ID": 153, "Row": 7, "Col": 9, "Area_m2": 400.0, "Carbon_tha_24": 70.7039, "NDVI": 0.8359, "NIRv": 0.2242 }, "geometry": { "type": "Polygon", "coordinates": [ [ [ 117.312151551719126, 42.410118109066907 ], [ 117.311908493858255, 42.410118770633041 ], [ 117.311909386257568, 42.410298888386379 ], [ 117.312152444813847, 42.410298226816096 ], [ 117.312151551719126, 42.410118109066907 ] ] ] } },
{ "type": "Feature", "properties": { "Grid_ID": 154, "Row": 7, "Col": 10, "Area_m2": 400.0, "Carbon_tha_24": 58.6174, "NDVI": 0.8279, "NIRv": 0.2162 }, "geometry": { "type": "Polygon", "coordinates": [ [ [ 117.312394609571811, 42.410117446985439 ], [ 117.312151551719126, 42.410118109066907 ], [ 117.312152444813847, 42.410298226816096 ], [ 117.312395503361898, 42.410297564730477 ], [ 117.312394609571811, 42.410117446985439 ] ] ] } },
{ "type": "Feature", "properties": { "Grid_ID": 155, "Row": 7, "Col": 11, "Area_m2": 400.0, "Carbon_tha_24": 69.2019, "NDVI": 0.8289, "NIRv": 0.2162 }, "geometry": { "type": "Polygon", "coordinates": [ [ [ 117.312637667416325, 42.410116784388677 ], [ 117.312394609571811, 42.410117446985439 ], [ 117.312395503361898, 42.410297564730477 ], [ 117.312638561901778, 42.410296902129545 ], [ 117.312637667416325, 42.410116784388677 ] ] ] } },
{ "type": "Feature", "properties": { "Grid_ID": 156, "Row": 7, "Col": 12, "Area_m2": 400.0, "Carbon_tha_24": 81.5476, "NDVI": 0.8292, "NIRv": 0.2165 }, "geometry": { "type": "Polygon", "coordinates": [ [ [ 117.312880725252612, 42.41011612127658 ], [ 117.312637667416325, 42.410116784388677 ], [ 117.312638561901778, 42.410296902129545 ], [ 117.312881620433473, 42.410296239013313 ], [ 117.312880725252612, 42.41011612127658 ] ] ] } },
{ "type": "Feature", "properties": { "Grid_ID": 157, "Row": 7, "Col": 13, "Area_m2": 400.0, "Carbon_tha_24": 61.9981, "NDVI": 0.8346, "NIRv": 0.2253 }, "geometry": { "type": "Polygon", "coordinates": [ [ [ 117.313123783080712, 42.410115457649162 ], [ 117.312880725252612, 42.41011612127658 ], [ 117.312881620433473, 42.410296239013313 ], [ 117.313124678956967, 42.410295575381731 ], [ 117.313123783080712, 42.410115457649162 ] ] ] } },
{ "type": "Feature", "properties": { "Grid_ID": 158, "Row": 7, "Col": 14, "Area_m2": 400.0, "Carbon_tha_24": 78.4181, "NDVI": 0.8497, "NIRv": 0.2277 }, "geometry": { "type": "Polygon", "coordinates": [ [ [ 117.313366840900599, 42.410114793506452 ], [ 117.313123783080712, 42.410115457649162 ], [ 117.313124678956967, 42.410295575381731 ], [ 117.31336773747222, 42.410294911234828 ], [ 117.313366840900599, 42.410114793506452 ] ] ] } },
{ "type": "Feature", "properties": { "Grid_ID": 159, "Row": 7, "Col": 15, "Area_m2": 400.0, "Carbon_tha_24": 56.8612, "NDVI": 0.8345, "NIRv": 0.2157 }, "geometry": { "type": "Polygon", "coordinates": [ [ [ 117.313609898712286, 42.410114128848392 ], [ 117.313366840900599, 42.410114793506452 ], [ 117.31336773747222, 42.410294911234828 ], [ 117.313610795979287, 42.410294246572626 ], [ 117.313609898712286, 42.410114128848392 ] ] ] } },
{ "type": "Feature", "properties": { "Grid_ID": 160, "Row": 7, "Col": 16, "Area_m2": 400.0, "Carbon_tha_24": 60.032, "NDVI": 0.8218, "NIRv": 0.2096 }, "geometry": { "type": "Polygon", "coordinates": [ [ [ 117.313852956515731, 42.410113463675039 ], [ 117.313609898712286, 42.410114128848392 ], [ 117.313610795979287, 42.410294246572626 ], [ 117.313853854478126, 42.410293581395088 ], [ 117.313852956515731, 42.410113463675039 ] ] ] } },
{ "type": "Feature", "properties": { "Grid_ID": 161, "Row": 7, "Col": 17, "Area_m2": 400.0, "Carbon_tha_24": 68.4351, "NDVI": 0.8377, "NIRv": 0.217 }, "geometry": { "type": "Polygon", "coordinates": [ [ [ 117.314096014310962, 42.410112797986351 ], [ 117.313852956515731, 42.410113463675039 ], [ 117.313853854478126, 42.410293581395088 ], [ 117.314096912968722, 42.410292915702229 ], [ 117.314096014310962, 42.410112797986351 ] ] ] } },
{ "type": "Feature", "properties": { "Grid_ID": 162, "Row": 7, "Col": 18, "Area_m2": 400.0, "Carbon_tha_24": 69.6073, "NDVI": 0.8258, "NIRv": 0.2012 }, "geometry": { "type": "Polygon", "coordinates": [ [ [ 117.314339072097951, 42.410112131782348 ], [ 117.314096014310962, 42.410112797986351 ], [ 117.314096912968722, 42.410292915702229 ], [ 117.314339971451105, 42.410292249494056 ], [ 117.314339072097951, 42.410112131782348 ] ] ] } },
{ "type": "Feature", "properties": { "Grid_ID": 163, "Row": 7, "Col": 19, "Area_m2": 400.0, "Carbon_tha_24": 66.3528, "NDVI": 0.8409, "NIRv": 0.221 }, "geometry": { "type": "Polygon", "coordinates": [ [ [ 117.314582129876683, 42.410111465063032 ], [ 117.314339072097951, 42.410112131782348 ], [ 117.314339971451105, 42.410292249494056 ], [ 117.314583029925245, 42.410291582770554 ], [ 117.314582129876683, 42.410111465063032 ] ] ] } },
{ "type": "Feature", "properties": { "Grid_ID": 164, "Row": 7, "Col": 20, "Area_m2": 400.0, "Carbon_tha_24": 57.4746, "NDVI": 0.8364, "NIRv": 0.2233 }, "geometry": { "type": "Polygon", "coordinates": [ [ [ 117.314825187647202, 42.410110797828402 ], [ 117.314582129876683, 42.410111465063032 ], [ 117.314583029925245, 42.410291582770554 ], [ 117.314826088391129, 42.410290915531732 ], [ 117.314825187647202, 42.410110797828402 ] ] ] } },
{ "type": "Feature", "properties": { "Grid_ID": 165, "Row": 7, "Col": 21, "Area_m2": 400.0, "Carbon_tha_24": 37.3111, "NDVI": 0.7491, "NIRv": 0.2127 }, "geometry": { "type": "Polygon", "coordinates": [ [ [ 117.315068245409449, 42.410110130078451 ], [ 117.314825187647202, 42.410110797828402 ], [ 117.314826088391129, 42.410290915531732 ], [ 117.315069146848757, 42.410290247777588 ], [ 117.315068245409449, 42.410110130078451 ] ] ] } },
{ "type": "Feature", "properties": { "Grid_ID": 166, "Row": 7, "Col": 22, "Area_m2": 400.0, "Carbon_tha_24": 41.1675, "NDVI": 0.7625, "NIRv": 0.2116 }, "geometry": { "type": "Polygon", "coordinates": [ [ [ 117.31531130316344, 42.410109461813185 ], [ 117.315068245409449, 42.410110130078451 ], [ 117.315069146848757, 42.410290247777588 ], [ 117.315312205298099, 42.410289579508138 ], [ 117.31531130316344, 42.410109461813185 ] ] ] } },
{ "type": "Feature", "properties": { "Grid_ID": 167, "Row": 7, "Col": 23, "Area_m2": 400.0, "Carbon_tha_24": 63.5721, "NDVI": 0.8416, "NIRv": 0.2269 }, "geometry": { "type": "Polygon", "coordinates": [ [ [ 117.315554360909147, 42.410108793032599 ], [ 117.31531130316344, 42.410109461813185 ], [ 117.315312205298099, 42.410289579508138 ], [ 117.315555263739213, 42.410288910723359 ], [ 117.315554360909147, 42.410108793032599 ] ] ] } },
{ "type": "Feature", "properties": { "Grid_ID": 168, "Row": 7, "Col": 24, "Area_m2": 400.0, "Carbon_tha_24": 70.1759, "NDVI": 0.8437, "NIRv": 0.2256 }, "geometry": { "type": "Polygon", "coordinates": [ [ [ 117.315797418646596, 42.410108123736691 ], [ 117.315554360909147, 42.410108793032599 ], [ 117.315555263739213, 42.410288910723359 ], [ 117.315798322172057, 42.410288241423252 ], [ 117.315797418646596, 42.410108123736691 ] ] ] } },
{ "type": "Feature", "properties": { "Grid_ID": 169, "Row": 8, "Col": 1, "Area_m2": 400.0, "Carbon_tha_24": 49.806, "NDVI": 0.8328, "NIRv": 0.219 }, "geometry": { "type": "Polygon", "coordinates": [ [ [ 117.310206201080021, 42.409943269379127 ], [ 117.309963143849274, 42.409943926818592 ], [ 117.309964030677406, 42.410124044610704 ], [ 117.310207088603519, 42.410123387167111 ], [ 117.310206201080021, 42.409943269379127 ] ] ] } },
{ "type": "Feature", "properties": { "Grid_ID": 170, "Row": 8, "Col": 2, "Area_m2": 400.0, "Carbon_tha_24": 68.1264, "NDVI": 0.8361, "NIRv": 0.2216 }, "geometry": { "type": "Polygon", "coordinates": [ [ [ 117.310449258302611, 42.409942611424334 ], [ 117.310206201080021, 42.409943269379127 ], [ 117.310207088603519, 42.410123387167111 ], [ 117.31045014652149, 42.410122729208204 ], [ 117.310449258302611, 42.409942611424334 ] ] ] } },
{ "type": "Feature", "properties": { "Grid_ID": 171, "Row": 8, "Col": 3, "Area_m2": 400.0, "Carbon_tha_24": 68.3669, "NDVI": 0.8371, "NIRv": 0.22 }, "geometry": { "type": "Polygon", "coordinates": [ [ [ 117.310692315517102, 42.409941952954235 ], [ 117.310449258302611, 42.409942611424334 ], [ 117.31045014652149, 42.410122729208204 ], [ 117.310693204431345, 42.410122070733976 ], [ 117.310692315517102, 42.409941952954235 ] ] ] } },
{ "type": "Feature", "properties": { "Grid_ID": 172, "Row": 8, "Col": 4, "Area_m2": 400.0, "Carbon_tha_24": 72.2837, "NDVI": 0.8394, "NIRv": 0.2175 }, "geometry": { "type": "Polygon", "coordinates": [ [ [ 117.310935372723421, 42.409941293968821 ], [ 117.310692315517102, 42.409941952954235 ], [ 117.310693204431345, 42.410122070733976 ], [ 117.31093626233303, 42.410121411744427 ], [ 117.310935372723421, 42.409941293968821 ] ] ] } },
{ "type": "Feature", "properties": { "Grid_ID": 173, "Row": 8, "Col": 5, "Area_m2": 400.0, "Carbon_tha_24": 74.0793, "NDVI": 0.8386, "NIRv": 0.2295 }, "geometry": { "type": "Polygon", "coordinates": [ [ [ 117.311178429921583, 42.409940634468093 ], [ 117.310935372723421, 42.409941293968821 ], [ 117.31093626233303, 42.410121411744427 ], [ 117.3111793202266, 42.410120752239557 ], [ 117.311178429921583, 42.409940634468093 ] ] ] } },
{ "type": "Feature", "properties": { "Grid_ID": 174, "Row": 8, "Col": 6, "Area_m2": 400.0, "Carbon_tha_24": 56.1475, "NDVI": 0.8423, "NIRv": 0.224 }, "geometry": { "type": "Polygon", "coordinates": [ [ [ 117.311421487111588, 42.409939974452051 ], [ 117.311178429921583, 42.409940634468093 ], [ 117.3111793202266, 42.410120752239557 ], [ 117.311422378111985, 42.410120092219373 ], [ 117.311421487111588, 42.409939974452051 ] ] ] } },
{ "type": "Feature", "properties": { "Grid_ID": 175, "Row": 8, "Col": 7, "Area_m2": 400.0, "Carbon_tha_24": 65.2706, "NDVI": 0.8501, "NIRv": 0.2318 }, "geometry": { "type": "Polygon", "coordinates": [ [ [ 117.311664544293436, 42.409939313920681 ], [ 117.311421487111588, 42.409939974452051 ], [ 117.311422378111985, 42.410120092219373 ], [ 117.311665435989184, 42.410119431683874 ], [ 117.311664544293436, 42.409939313920681 ] ] ] } },
{ "type": "Feature", "properties": { "Grid_ID": 176, "Row": 8, "Col": 8, "Area_m2": 400.0, "Carbon_tha_24": 70.9307, "NDVI": 0.8388, "NIRv": 0.2269 }, "geometry": { "type": "Polygon", "coordinates": [ [ [ 117.311907601467098, 42.409938652874011 ], [ 117.311664544293436, 42.409939313920681 ], [ 117.311665435989184, 42.410119431683874 ], [ 117.311908493858255, 42.410118770633041 ], [ 117.311907601467098, 42.409938652874011 ] ] ] } },
{ "type": "Feature", "properties": { "Grid_ID": 177, "Row": 8, "Col": 9, "Area_m2": 400.0, "Carbon_tha_24": 45.4933, "NDVI": 0.8233, "NIRv": 0.2234 }, "geometry": { "type": "Polygon", "coordinates": [ [ [ 117.312150658632603, 42.409937991312013 ], [ 117.311907601467098, 42.409938652874011 ], [ 117.311908493858255, 42.410118770633041 ], [ 117.312151551719126, 42.410118109066907 ], [ 117.312150658632603, 42.409937991312013 ] ] ] } },
{ "type": "Feature", "properties": { "Grid_ID": 178, "Row": 8, "Col": 10, "Area_m2": 400.0, "Carbon_tha_24": 29.63, "NDVI": 0.7552, "NIRv": 0.2015 }, "geometry": { "type": "Polygon", "coordinates": [ [ [ 117.312393715789909, 42.409937329234708 ], [ 117.312150658632603, 42.409937991312013 ], [ 117.312151551719126, 42.410118109066907 ], [ 117.312394609571811, 42.410117446985439 ], [ 117.312393715789909, 42.409937329234708 ] ] ] } },
{ "type": "Feature", "properties": { "Grid_ID": 179, "Row": 8, "Col": 11, "Area_m2": 400.0, "Carbon_tha_24": 39.6342, "NDVI": 0.7962, "NIRv": 0.217 }, "geometry": { "type": "Polygon", "coordinates": [ [ [ 117.31263677293903, 42.409936666642089 ], [ 117.312393715789909, 42.409937329234708 ], [ 117.312394609571811, 42.410117446985439 ], [ 117.312637667416325, 42.410116784388677 ], [ 117.31263677293903, 42.409936666642089 ] ] ] } },
{ "type": "Feature", "properties": { "Grid_ID": 180, "Row": 8, "Col": 12, "Area_m2": 400.0, "Carbon_tha_24": 61.7916, "NDVI": 0.8034, "NIRv": 0.2168 }, "geometry": { "type": "Polygon", "coordinates": [ [ [ 117.31287983007995, 42.409936003534156 ], [ 117.31263677293903, 42.409936666642089 ], [ 117.312637667416325, 42.410116784388677 ], [ 117.312880725252612, 42.41011612127658 ], [ 117.31287983007995, 42.409936003534156 ] ] ] } },
{ "type": "Feature", "properties": { "Grid_ID": 181, "Row": 8, "Col": 13, "Area_m2": 400.0, "Carbon_tha_24": 58.8126, "NDVI": 0.8264, "NIRv": 0.2208 }, "geometry": { "type": "Polygon", "coordinates": [ [ [ 117.313122887212685, 42.409935339910909 ], [ 117.31287983007995, 42.409936003534156 ], [ 117.312880725252612, 42.41011612127658 ], [ 117.313123783080712, 42.410115457649162 ], [ 117.313122887212685, 42.409935339910909 ] ] ] } },
{ "type": "Feature", "properties": { "Grid_ID": 182, "Row": 8, "Col": 14, "Area_m2": 400.0, "Carbon_tha_24": 53.4244, "NDVI": 0.8312, "NIRv": 0.2236 }, "geometry": { "type": "Polygon", "coordinates": [ [ [ 117.313365944337193, 42.409934675772341 ], [ 117.313122887212685, 42.409935339910909 ], [ 117.313123783080712, 42.410115457649162 ], [ 117.313366840900599, 42.410114793506452 ], [ 117.313365944337193, 42.409934675772341 ] ] ] } },
{ "type": "Feature", "properties": { "Grid_ID": 183, "Row": 8, "Col": 15, "Area_m2": 400.0, "Carbon_tha_24": 60.8149, "NDVI": 0.8404, "NIRv": 0.2274 }, "geometry": { "type": "Polygon", "coordinates": [ [ [ 117.313609001453486, 42.409934011118459 ], [ 117.313365944337193, 42.409934675772341 ], [ 117.313366840900599, 42.410114793506452 ], [ 117.313609898712286, 42.410114128848392 ], [ 117.313609001453486, 42.409934011118459 ] ] ] } },
{ "type": "Feature", "properties": { "Grid_ID": 184, "Row": 8, "Col": 16, "Area_m2": 400.0, "Carbon_tha_24": 55.5187, "NDVI": 0.8367, "NIRv": 0.2219 }, "geometry": { "type": "Polygon", "coordinates": [ [ [ 117.313852058561565, 42.409933345949277 ], [ 117.313609001453486, 42.409934011118459 ], [ 117.313609898712286, 42.410114128848392 ], [ 117.313852956515731, 42.410113463675039 ], [ 117.313852058561565, 42.409933345949277 ] ] ] } },
{ "type": "Feature", "properties": { "Grid_ID": 185, "Row": 8, "Col": 17, "Area_m2": 400.0, "Carbon_tha_24": 71.0344, "NDVI": 0.8445, "NIRv": 0.2217 }, "geometry": { "type": "Polygon", "coordinates": [ [ [ 117.314095115661416, 42.40993268026476 ], [ 117.313852058561565, 42.409933345949277 ], [ 117.313852956515731, 42.410113463675039 ], [ 117.314096014310962, 42.410112797986351 ], [ 117.314095115661416, 42.40993268026476 ] ] ] } },
{ "type": "Feature", "properties": { "Grid_ID": 186, "Row": 8, "Col": 18, "Area_m2": 400.0, "Carbon_tha_24": 78.347, "NDVI": 0.8537, "NIRv": 0.2233 }, "geometry": { "type": "Polygon", "coordinates": [ [ [ 117.314338172753025, 42.409932014064943 ], [ 117.314095115661416, 42.40993268026476 ], [ 117.314096014310962, 42.410112797986351 ], [ 117.314339072097951, 42.410112131782348 ], [ 117.314338172753025, 42.409932014064943 ] ] ] } },
{ "type": "Feature", "properties": { "Grid_ID": 187, "Row": 8, "Col": 19, "Area_m2": 400.0, "Carbon_tha_24": 80.1789, "NDVI": 0.8532, "NIRv": 0.2253 }, "geometry": { "type": "Polygon", "coordinates": [ [ [ 117.314581229836406, 42.409931347349811 ], [ 117.314338172753025, 42.409932014064943 ], [ 117.314339072097951, 42.410112131782348 ], [ 117.314582129876683, 42.410111465063032 ], [ 117.314581229836406, 42.409931347349811 ] ] ] } },
{ "type": "Feature", "properties": { "Grid_ID": 188, "Row": 8, "Col": 20, "Area_m2": 400.0, "Carbon_tha_24": 69.3783, "NDVI": 0.8345, "NIRv": 0.2226 }, "geometry": { "type": "Polygon", "coordinates": [ [ [ 117.314824286911531, 42.409930680119359 ], [ 117.314581229836406, 42.409931347349811 ], [ 117.314582129876683, 42.410111465063032 ], [ 117.314825187647202, 42.410110797828402 ], [ 117.314824286911531, 42.409930680119359 ] ] ] } },
{ "type": "Feature", "properties": { "Grid_ID": 189, "Row": 8, "Col": 21, "Area_m2": 400.0, "Carbon_tha_24": 18.2484, "NDVI": 0.7655, "NIRv": 0.2082 }, "geometry": { "type": "Polygon", "coordinates": [ [ [ 117.315067343978399, 42.4099300123736 ], [ 117.314824286911531, 42.409930680119359 ], [ 117.314825187647202, 42.410110797828402 ], [ 117.315068245409449, 42.410110130078451 ], [ 117.315067343978399, 42.4099300123736 ] ] ] } },
{ "type": "Feature", "properties": { "Grid_ID": 190, "Row": 8, "Col": 22, "Area_m2": 400.0, "Carbon_tha_24": 6.5932, "NDVI": 0.7185, "NIRv": 0.2118 }, "geometry": { "type": "Polygon", "coordinates": [ [ [ 117.31531040103701, 42.40992934411252 ], [ 117.315067343978399, 42.4099300123736 ], [ 117.315068245409449, 42.410110130078451 ], [ 117.31531130316344, 42.410109461813185 ], [ 117.31531040103701, 42.40992934411252 ] ] ] } },
{ "type": "Feature", "properties": { "Grid_ID": 191, "Row": 8, "Col": 23, "Area_m2": 400.0, "Carbon_tha_24": 63.5675, "NDVI": 0.7984, "NIRv": 0.2256 }, "geometry": { "type": "Polygon", "coordinates": [ [ [ 117.315553458087351, 42.409928675336126 ], [ 117.31531040103701, 42.40992934411252 ], [ 117.31531130316344, 42.410109461813185 ], [ 117.315554360909147, 42.410108793032599 ], [ 117.315553458087351, 42.409928675336126 ] ] ] } },
{ "type": "Feature", "properties": { "Grid_ID": 192, "Row": 8, "Col": 24, "Area_m2": 400.0, "Carbon_tha_24": 74.6677, "NDVI": 0.8438, "NIRv": 0.2242 }, "geometry": { "type": "Polygon", "coordinates": [ [ [ 117.315796515129421, 42.409928006044417 ], [ 117.315553458087351, 42.409928675336126 ], [ 117.315554360909147, 42.410108793032599 ], [ 117.315797418646596, 42.410108123736691 ], [ 117.315796515129421, 42.409928006044417 ] ] ] } },
{ "type": "Feature", "properties": { "Grid_ID": 193, "Row": 9, "Col": 1, "Area_m2": 400.0, "Carbon_tha_24": 82.1552, "NDVI": 0.8459, "NIRv": 0.2371 }, "geometry": { "type": "Polygon", "coordinates": [ [ [ 117.310205313564651, 42.409763151585445 ], [ 117.309962257029284, 42.409763809020795 ], [ 117.309963143849274, 42.409943926818592 ], [ 117.310206201080021, 42.409943269379127 ], [ 117.310205313564651, 42.409763151585445 ] ] ] } },
{ "type": "Feature", "properties": { "Grid_ID": 194, "Row": 9, "Col": 2, "Area_m2": 400.0, "Carbon_tha_24": 67.9885, "NDVI": 0.8373, "NIRv": 0.2266 }, "geometry": { "type": "Polygon", "coordinates": [ [ [ 117.310448370091876, 42.40976249363478 ], [ 117.310205313564651, 42.409763151585445 ], [ 117.310206201080021, 42.409943269379127 ], [ 117.310449258302611, 42.409942611424334 ], [ 117.310448370091876, 42.40976249363478 ] ] ] } },
{ "type": "Feature", "properties": { "Grid_ID": 195, "Row": 9, "Col": 3, "Area_m2": 400.0, "Carbon_tha_24": 66.8637, "NDVI": 0.825, "NIRv": 0.2224 }, "geometry": { "type": "Polygon", "coordinates": [ [ [ 117.310691426610973, 42.409761835168815 ], [ 117.310448370091876, 42.40976249363478 ], [ 117.310449258302611, 42.409942611424334 ], [ 117.310692315517102, 42.409941952954235 ], [ 117.310691426610973, 42.409761835168815 ] ] ] } },
{ "type": "Feature", "properties": { "Grid_ID": 196, "Row": 9, "Col": 4, "Area_m2": 400.0, "Carbon_tha_24": 61.4613, "NDVI": 0.835, "NIRv": 0.2261 }, "geometry": { "type": "Polygon", "coordinates": [ [ [ 117.310934483121912, 42.409761176187523 ], [ 117.310691426610973, 42.409761835168815 ], [ 117.310692315517102, 42.409941952954235 ], [ 117.310935372723421, 42.409941293968821 ], [ 117.310934483121912, 42.409761176187523 ] ] ] } },
{ "type": "Feature", "properties": { "Grid_ID": 197, "Row": 9, "Col": 5, "Area_m2": 400.0, "Carbon_tha_24": 71.431, "NDVI": 0.8402, "NIRv": 0.2328 }, "geometry": { "type": "Polygon", "coordinates": [ [ [ 117.311177539624722, 42.409760516690937 ], [ 117.310934483121912, 42.409761176187523 ], [ 117.310935372723421, 42.409941293968821 ], [ 117.311178429921583, 42.409940634468093 ], [ 117.311177539624722, 42.409760516690937 ] ] ] } },
{ "type": "Feature", "properties": { "Grid_ID": 198, "Row": 9, "Col": 6, "Area_m2": 400.0, "Carbon_tha_24": 91.824, "NDVI": 0.8484, "NIRv": 0.2394 }, "geometry": { "type": "Polygon", "coordinates": [ [ [ 117.311420596119348, 42.409759856679031 ], [ 117.311177539624722, 42.409760516690937 ], [ 117.311178429921583, 42.409940634468093 ], [ 117.311421487111588, 42.409939974452051 ], [ 117.311420596119348, 42.409759856679031 ] ] ] } },
{ "type": "Feature", "properties": { "Grid_ID": 199, "Row": 9, "Col": 7, "Area_m2": 400.0, "Carbon_tha_24": 70.8509, "NDVI": 0.8589, "NIRv": 0.2393 }, "geometry": { "type": "Polygon", "coordinates": [ [ [ 117.311663652605844, 42.409759196151811 ], [ 117.311420596119348, 42.409759856679031 ], [ 117.311421487111588, 42.409939974452051 ], [ 117.311664544293436, 42.409939313920681 ], [ 117.311663652605844, 42.409759196151811 ] ] ] } },
{ "type": "Feature", "properties": { "Grid_ID": 200, "Row": 9, "Col": 8, "Area_m2": 400.0, "Carbon_tha_24": 48.8567, "NDVI": 0.8333, "NIRv": 0.2288 }, "geometry": { "type": "Polygon", "coordinates": [ [ [ 117.311906709084141, 42.409758535109276 ], [ 117.311663652605844, 42.409759196151811 ], [ 117.311664544293436, 42.409939313920681 ], [ 117.311907601467098, 42.409938652874011 ], [ 117.311906709084141, 42.409758535109276 ] ] ] } },
{ "type": "Feature", "properties": { "Grid_ID": 201, "Row": 9, "Col": 9, "Area_m2": 400.0, "Carbon_tha_24": 66.1706, "NDVI": 0.8361, "NIRv": 0.2318 }, "geometry": { "type": "Polygon", "coordinates": [ [ [ 117.312149765554281, 42.409757873551435 ], [ 117.311906709084141, 42.409758535109276 ], [ 117.311907601467098, 42.409938652874011 ], [ 117.312150658632603, 42.409937991312013 ], [ 117.312149765554281, 42.409757873551435 ] ] ] } },
{ "type": "Feature", "properties": { "Grid_ID": 202, "Row": 9, "Col": 10, "Area_m2": 400.0, "Carbon_tha_24": 59.5719, "NDVI": 0.8239, "NIRv": 0.2174 }, "geometry": { "type": "Polygon", "coordinates": [ [ [ 117.312392822016207, 42.409757211478279 ], [ 117.312149765554281, 42.409757873551435 ], [ 117.312150658632603, 42.409937991312013 ], [ 117.312393715789909, 42.409937329234708 ], [ 117.312392822016207, 42.409757211478279 ] ] ] } },
{ "type": "Feature", "properties": { "Grid_ID": 203, "Row": 9, "Col": 11, "Area_m2": 400.0, "Carbon_tha_24": 51.232, "NDVI": 0.8276, "NIRv": 0.223 }, "geometry": { "type": "Polygon", "coordinates": [ [ [ 117.312635878469962, 42.40975654888981 ], [ 117.312392822016207, 42.409757211478279 ], [ 117.312393715789909, 42.409937329234708 ], [ 117.31263677293903, 42.409936666642089 ], [ 117.312635878469962, 42.40975654888981 ] ] ] } },
{ "type": "Feature", "properties": { "Grid_ID": 204, "Row": 9, "Col": 12, "Area_m2": 400.0, "Carbon_tha_24": 40.0665, "NDVI": 0.7733, "NIRv": 0.2046 }, "geometry": { "type": "Polygon", "coordinates": [ [ [ 117.312878934915517, 42.409755885786041 ], [ 117.312635878469962, 42.40975654888981 ], [ 117.31263677293903, 42.409936666642089 ], [ 117.31287983007995, 42.409936003534156 ], [ 117.312878934915517, 42.409755885786041 ] ] ] } },
{ "type": "Feature", "properties": { "Grid_ID": 205, "Row": 9, "Col": 13, "Area_m2": 400.0, "Carbon_tha_24": 59.9629, "NDVI": 0.8078, "NIRv": 0.222 }, "geometry": { "type": "Polygon", "coordinates": [ [ [ 117.313121991352872, 42.409755222166957 ], [ 117.312878934915517, 42.409755885786041 ], [ 117.31287983007995, 42.409936003534156 ], [ 117.313122887212685, 42.409935339910909 ], [ 117.313121991352872, 42.409755222166957 ] ] ] } },
{ "type": "Feature", "properties": { "Grid_ID": 206, "Row": 9, "Col": 14, "Area_m2": 400.0, "Carbon_tha_24": 80.742, "NDVI": 0.8432, "NIRv": 0.2335 }, "geometry": { "type": "Polygon", "coordinates": [ [ [ 117.313365047782014, 42.409754558032553 ], [ 117.313121991352872, 42.409755222166957 ], [ 117.313122887212685, 42.409935339910909 ], [ 117.313365944337193, 42.409934675772341 ], [ 117.313365047782014, 42.409754558032553 ] ] ] } },
{ "type": "Feature", "properties": { "Grid_ID": 207, "Row": 9, "Col": 15, "Area_m2": 400.0, "Carbon_tha_24": 68.4721, "NDVI": 0.8532, "NIRv": 0.2366 }, "geometry": { "type": "Polygon", "coordinates": [ [ [ 117.313608104202928, 42.409753893382849 ], [ 117.313365047782014, 42.409754558032553 ], [ 117.313365944337193, 42.409934675772341 ], [ 117.313609001453486, 42.409934011118459 ], [ 117.313608104202928, 42.409753893382849 ] ] ] } },
{ "type": "Feature", "properties": { "Grid_ID": 208, "Row": 9, "Col": 16, "Area_m2": 400.0, "Carbon_tha_24": 59.4384, "NDVI": 0.8464, "NIRv": 0.2348 }, "geometry": { "type": "Polygon", "coordinates": [ [ [ 117.313851160615641, 42.409753228217824 ], [ 117.313608104202928, 42.409753893382849 ], [ 117.313609001453486, 42.409934011118459 ], [ 117.313852058561565, 42.409933345949277 ], [ 117.313851160615641, 42.409753228217824 ] ] ] } },
{ "type": "Feature", "properties": { "Grid_ID": 209, "Row": 9, "Col": 17, "Area_m2": 400.0, "Carbon_tha_24": 62.687, "NDVI": 0.86, "NIRv": 0.243 }, "geometry": { "type": "Polygon", "coordinates": [ [ [ 117.314094217020127, 42.409752562537491 ], [ 117.313851160615641, 42.409753228217824 ], [ 117.313852058561565, 42.409933345949277 ], [ 117.314095115661416, 42.40993268026476 ], [ 117.314094217020127, 42.409752562537491 ] ] ] } },
{ "type": "Feature", "properties": { "Grid_ID": 210, "Row": 9, "Col": 18, "Area_m2": 400.0, "Carbon_tha_24": 75.3352, "NDVI": 0.8568, "NIRv": 0.2415 }, "geometry": { "type": "Polygon", "coordinates": [ [ [ 117.314337273416356, 42.409751896341845 ], [ 117.314094217020127, 42.409752562537491 ], [ 117.314095115661416, 42.40993268026476 ], [ 117.314338172753025, 42.409932014064943 ], [ 117.314337273416356, 42.409751896341845 ] ] ] } },
{ "type": "Feature", "properties": { "Grid_ID": 211, "Row": 9, "Col": 19, "Area_m2": 400.0, "Carbon_tha_24": 80.3043, "NDVI": 0.8613, "NIRv": 0.248 }, "geometry": { "type": "Polygon", "coordinates": [ [ [ 117.314580329804357, 42.409751229630885 ], [ 117.314337273416356, 42.409751896341845 ], [ 117.314338172753025, 42.409932014064943 ], [ 117.314581229836406, 42.409931347349811 ], [ 117.314580329804357, 42.409751229630885 ] ] ] } },
{ "type": "Feature", "properties": { "Grid_ID": 212, "Row": 9, "Col": 20, "Area_m2": 400.0, "Carbon_tha_24": 72.8461, "NDVI": 0.849, "NIRv": 0.2377 }, "geometry": { "type": "Polygon", "coordinates": [ [ [ 117.314823386184116, 42.409750562404625 ], [ 117.314580329804357, 42.409751229630885 ], [ 117.314581229836406, 42.409931347349811 ], [ 117.314824286911531, 42.409930680119359 ], [ 117.314823386184116, 42.409750562404625 ] ] ] } },
{ "type": "Feature", "properties": { "Grid_ID": 213, "Row": 9, "Col": 21, "Area_m2": 400.0, "Carbon_tha_24": 68.9782, "NDVI": 0.847, "NIRv": 0.2275 }, "geometry": { "type": "Polygon", "coordinates": [ [ [ 117.315066442555619, 42.409749894663044 ], [ 117.314823386184116, 42.409750562404625 ], [ 117.314824286911531, 42.409930680119359 ], [ 117.315067343978399, 42.4099300123736 ], [ 117.315066442555619, 42.409749894663044 ] ] ] } },
{ "type": "Feature", "properties": { "Grid_ID": 214, "Row": 9, "Col": 22, "Area_m2": 400.0, "Carbon_tha_24": 50.226, "NDVI": 0.8218, "NIRv": 0.2172 }, "geometry": { "type": "Polygon", "coordinates": [ [ [ 117.315309498918865, 42.409749226406163 ], [ 117.315066442555619, 42.409749894663044 ], [ 117.315067343978399, 42.4099300123736 ], [ 117.31531040103701, 42.40992934411252 ], [ 117.315309498918865, 42.409749226406163 ] ] ] } },
{ "type": "Feature", "properties": { "Grid_ID": 215, "Row": 9, "Col": 23, "Area_m2": 400.0, "Carbon_tha_24": 21.9609, "NDVI": 0.7705, "NIRv": 0.2311 }, "geometry": { "type": "Polygon", "coordinates": [ [ [ 117.315552555273825, 42.409748557633975 ], [ 117.315309498918865, 42.409749226406163 ], [ 117.31531040103701, 42.40992934411252 ], [ 117.315553458087351, 42.409928675336126 ], [ 117.315552555273825, 42.409748557633975 ] ] ] } },
{ "type": "Feature", "properties": { "Grid_ID": 216, "Row": 9, "Col": 24, "Area_m2": 400.0, "Carbon_tha_24": 54.404, "NDVI": 0.8039, "NIRv": 0.2271 }, "geometry": { "type": "Polygon", "coordinates": [ [ [ 117.31579561162053, 42.409747888346452 ], [ 117.315552555273825, 42.409748557633975 ], [ 117.315553458087351, 42.409928675336126 ], [ 117.315796515129421, 42.409928006044417 ], [ 117.31579561162053, 42.409747888346452 ] ] ] } },
{ "type": "Feature", "properties": { "Grid_ID": 217, "Row": 10, "Col": 1, "Area_m2": 400.0, "Carbon_tha_24": 68.3933, "NDVI": 0.8355, "NIRv": 0.224 }, "geometry": { "type": "Polygon", "coordinates": [ [ [ 117.31020442605741, 42.409583033786078 ], [ 117.309961370217408, 42.4095836912173 ], [ 117.309962257029284, 42.409763809020795 ], [ 117.310205313564651, 42.409763151585445 ], [ 117.31020442605741, 42.409583033786078 ] ] ] } },
{ "type": "Feature", "properties": { "Grid_ID": 218, "Row": 10, "Col": 2, "Area_m2": 400.0, "Carbon_tha_24": 70.4999, "NDVI": 0.8237, "NIRv": 0.2173 }, "geometry": { "type": "Polygon", "coordinates": [ [ [ 117.310447481889298, 42.409582375839534 ], [ 117.31020442605741, 42.409583033786078 ], [ 117.310205313564651, 42.409763151585445 ], [ 117.310448370091876, 42.40976249363478 ], [ 117.310447481889298, 42.409582375839534 ] ] ] } },
{ "type": "Feature", "properties": { "Grid_ID": 219, "Row": 10, "Col": 3, "Area_m2": 400.0, "Carbon_tha_24": 66.2326, "NDVI": 0.8367, "NIRv": 0.223 }, "geometry": { "type": "Polygon", "coordinates": [ [ [ 117.310690537713015, 42.409581717377698 ], [ 117.310447481889298, 42.409582375839534 ], [ 117.310448370091876, 42.40976249363478 ], [ 117.310691426610973, 42.409761835168815 ], [ 117.310690537713015, 42.409581717377698 ] ] ] } },
{ "type": "Feature", "properties": { "Grid_ID": 220, "Row": 10, "Col": 4, "Area_m2": 400.0, "Carbon_tha_24": 72.2663, "NDVI": 0.8335, "NIRv": 0.2217 }, "geometry": { "type": "Polygon", "coordinates": [ [ [ 117.310933593528588, 42.409581058400541 ], [ 117.310690537713015, 42.409581717377698 ], [ 117.310691426610973, 42.409761835168815 ], [ 117.310934483121912, 42.409761176187523 ], [ 117.310933593528588, 42.409581058400541 ] ] ] } },
{ "type": "Feature", "properties": { "Grid_ID": 221, "Row": 10, "Col": 5, "Area_m2": 400.0, "Carbon_tha_24": 53.8899, "NDVI": 0.8332, "NIRv": 0.2172 }, "geometry": { "type": "Polygon", "coordinates": [ [ [ 117.311176649336019, 42.409580398908084 ], [ 117.310933593528588, 42.409581058400541 ], [ 117.310934483121912, 42.409761176187523 ], [ 117.311177539624722, 42.409760516690937 ], [ 117.311176649336019, 42.409580398908084 ] ] ] } },
{ "type": "Feature", "properties": { "Grid_ID": 222, "Row": 10, "Col": 6, "Area_m2": 400.0, "Carbon_tha_24": 63.6824, "NDVI": 0.8416, "NIRv": 0.2209 }, "geometry": { "type": "Polygon", "coordinates": [ [ [ 117.311419705135307, 42.40957973890032 ], [ 117.311176649336019, 42.409580398908084 ], [ 117.311177539624722, 42.409760516690937 ], [ 117.311420596119348, 42.409759856679031 ], [ 117.311419705135307, 42.40957973890032 ] ] ] } },
{ "type": "Feature", "properties": { "Grid_ID": 223, "Row": 10, "Col": 7, "Area_m2": 400.0, "Carbon_tha_24": 72.7823, "NDVI": 0.8399, "NIRv": 0.2188 }, "geometry": { "type": "Polygon", "coordinates": [ [ [ 117.311662760926396, 42.409579078377234 ], [ 117.311419705135307, 42.40957973890032 ], [ 117.311420596119348, 42.409759856679031 ], [ 117.311663652605844, 42.409759196151811 ], [ 117.311662760926396, 42.409579078377234 ] ] ] } },
{ "type": "Feature", "properties": { "Grid_ID": 224, "Row": 10, "Col": 8, "Area_m2": 400.0, "Carbon_tha_24": 76.1929, "NDVI": 0.8324, "NIRv": 0.2118 }, "geometry": { "type": "Polygon", "coordinates": [ [ [ 117.311905816709356, 42.409578417338849 ], [ 117.311662760926396, 42.409579078377234 ], [ 117.311663652605844, 42.409759196151811 ], [ 117.311906709084141, 42.409758535109276 ], [ 117.311905816709356, 42.409578417338849 ] ] ] } },
{ "type": "Feature", "properties": { "Grid_ID": 225, "Row": 10, "Col": 9, "Area_m2": 400.0, "Carbon_tha_24": 43.2308, "NDVI": 0.8249, "NIRv": 0.2223 }, "geometry": { "type": "Polygon", "coordinates": [ [ [ 117.312148872484116, 42.409577755785158 ], [ 117.311905816709356, 42.409578417338849 ], [ 117.311906709084141, 42.409758535109276 ], [ 117.312149765554281, 42.409757873551435 ], [ 117.312148872484116, 42.409577755785158 ] ] ] } },
{ "type": "Feature", "properties": { "Grid_ID": 226, "Row": 10, "Col": 10, "Area_m2": 400.0, "Carbon_tha_24": 48.3696, "NDVI": 0.8176, "NIRv": 0.2138 }, "geometry": { "type": "Polygon", "coordinates": [ [ [ 117.312391928250676, 42.409577093716159 ], [ 117.312148872484116, 42.409577755785158 ], [ 117.312149765554281, 42.409757873551435 ], [ 117.312392822016207, 42.409757211478279 ], [ 117.312391928250676, 42.409577093716159 ] ] ] } },
{ "type": "Feature", "properties": { "Grid_ID": 227, "Row": 10, "Col": 11, "Area_m2": 400.0, "Carbon_tha_24": 62.4676, "NDVI": 0.7924, "NIRv": 0.2158 }, "geometry": { "type": "Polygon", "coordinates": [ [ [ 117.31263498400908, 42.409576431131853 ], [ 117.312391928250676, 42.409577093716159 ], [ 117.312392822016207, 42.409757211478279 ], [ 117.312635878469962, 42.40975654888981 ], [ 117.31263498400908, 42.409576431131853 ] ] ] } },
{ "type": "Feature", "properties": { "Grid_ID": 228, "Row": 10, "Col": 12, "Area_m2": 400.0, "Carbon_tha_24": 53.2382, "NDVI": 0.8098, "NIRv": 0.2122 }, "geometry": { "type": "Polygon", "coordinates": [ [ [ 117.312878039759255, 42.409575768032227 ], [ 117.31263498400908, 42.409576431131853 ], [ 117.312635878469962, 42.40975654888981 ], [ 117.312878934915517, 42.409755885786041 ], [ 117.312878039759255, 42.409575768032227 ] ] ] } },
{ "type": "Feature", "properties": { "Grid_ID": 229, "Row": 10, "Col": 13, "Area_m2": 400.0, "Carbon_tha_24": 50.8098, "NDVI": 0.7997, "NIRv": 0.2015 }, "geometry": { "type": "Polygon", "coordinates": [ [ [ 117.313121095501245, 42.409575104417307 ], [ 117.312878039759255, 42.409575768032227 ], [ 117.312878934915517, 42.409755885786041 ], [ 117.313121991352872, 42.409755222166957 ], [ 117.313121095501245, 42.409575104417307 ] ] ] } },
{ "type": "Feature", "properties": { "Grid_ID": 230, "Row": 10, "Col": 14, "Area_m2": 400.0, "Carbon_tha_24": 63.2266, "NDVI": 0.8426, "NIRv": 0.2163 }, "geometry": { "type": "Polygon", "coordinates": [ [ [ 117.313364151235021, 42.409574440287074 ], [ 117.313121095501245, 42.409575104417307 ], [ 117.313121991352872, 42.409755222166957 ], [ 117.313365047782014, 42.409754558032553 ], [ 117.313364151235021, 42.409574440287074 ] ] ] } },
{ "type": "Feature", "properties": { "Grid_ID": 231, "Row": 10, "Col": 15, "Area_m2": 400.0, "Carbon_tha_24": 74.1921, "NDVI": 0.8393, "NIRv": 0.2181 }, "geometry": { "type": "Polygon", "coordinates": [ [ [ 117.313607206960597, 42.409573775641533 ], [ 117.313364151235021, 42.409574440287074 ], [ 117.313365047782014, 42.409754558032553 ], [ 117.313608104202928, 42.409753893382849 ], [ 117.313607206960597, 42.409573775641533 ] ] ] } },
{ "type": "Feature", "properties": { "Grid_ID": 232, "Row": 10, "Col": 16, "Area_m2": 400.0, "Carbon_tha_24": 70.3376, "NDVI": 0.84, "NIRv": 0.2246 }, "geometry": { "type": "Polygon", "coordinates": [ [ [ 117.313850262677931, 42.409573110480672 ], [ 117.313607206960597, 42.409573775641533 ], [ 117.313608104202928, 42.409753893382849 ], [ 117.313851160615641, 42.409753228217824 ], [ 117.313850262677931, 42.409573110480672 ] ] ] } },
{ "type": "Feature", "properties": { "Grid_ID": 233, "Row": 10, "Col": 17, "Area_m2": 400.0, "Carbon_tha_24": 74.3194, "NDVI": 0.8551, "NIRv": 0.2294 }, "geometry": { "type": "Polygon", "coordinates": [ [ [ 117.314093318387037, 42.409572444804517 ], [ 117.313850262677931, 42.409573110480672 ], [ 117.313851160615641, 42.409753228217824 ], [ 117.314094217020127, 42.409752562537491 ], [ 117.314093318387037, 42.409572444804517 ] ] ] } },
{ "type": "Feature", "properties": { "Grid_ID": 234, "Row": 10, "Col": 18, "Area_m2": 400.0, "Carbon_tha_24": 55.9282, "NDVI": 0.8534, "NIRv": 0.2322 }, "geometry": { "type": "Polygon", "coordinates": [ [ [ 117.314336374087944, 42.409571778613056 ], [ 117.314093318387037, 42.409572444804517 ], [ 117.314094217020127, 42.409752562537491 ], [ 117.314337273416356, 42.409751896341845 ], [ 117.314336374087944, 42.409571778613056 ] ] ] } },
{ "type": "Feature", "properties": { "Grid_ID": 235, "Row": 10, "Col": 19, "Area_m2": 400.0, "Carbon_tha_24": 72.8087, "NDVI": 0.8522, "NIRv": 0.2385 }, "geometry": { "type": "Polygon", "coordinates": [ [ [ 117.314579429780565, 42.409571111906281 ], [ 117.314336374087944, 42.409571778613056 ], [ 117.314337273416356, 42.409751896341845 ], [ 117.314580329804357, 42.409751229630885 ], [ 117.314579429780565, 42.409571111906281 ] ] ] } },
{ "type": "Feature", "properties": { "Grid_ID": 236, "Row": 10, "Col": 20, "Area_m2": 400.0, "Carbon_tha_24": 71.4707, "NDVI": 0.8554, "NIRv": 0.2315 }, "geometry": { "type": "Polygon", "coordinates": [ [ [ 117.314822485464944, 42.409570444684199 ], [ 117.314579429780565, 42.409571111906281 ], [ 117.314580329804357, 42.409751229630885 ], [ 117.314823386184116, 42.409750562404625 ], [ 117.314822485464944, 42.409570444684199 ] ] ] } },
{ "type": "Feature", "properties": { "Grid_ID": 237, "Row": 10, "Col": 21, "Area_m2": 400.0, "Carbon_tha_24": 69.5689, "NDVI": 0.8526, "NIRv": 0.2215 }, "geometry": { "type": "Polygon", "coordinates": [ [ [ 117.315065541141081, 42.409569776946817 ], [ 117.314822485464944, 42.409570444684199 ], [ 117.314823386184116, 42.409750562404625 ], [ 117.315066442555619, 42.409749894663044 ], [ 117.315065541141081, 42.409569776946817 ] ] ] } },
{ "type": "Feature", "properties": { "Grid_ID": 238, "Row": 10, "Col": 22, "Area_m2": 400.0, "Carbon_tha_24": 67.7613, "NDVI": 0.8377, "NIRv": 0.2218 }, "geometry": { "type": "Polygon", "coordinates": [ [ [ 117.315308596808975, 42.409569108694107 ], [ 117.315065541141081, 42.409569776946817 ], [ 117.315066442555619, 42.409749894663044 ], [ 117.315309498918865, 42.409749226406163 ], [ 117.315308596808975, 42.409569108694107 ] ] ] } },
{ "type": "Feature", "properties": { "Grid_ID": 239, "Row": 10, "Col": 23, "Area_m2": 400.0, "Carbon_tha_24": 59.3464, "NDVI": 0.8102, "NIRv": 0.2172 }, "geometry": { "type": "Polygon", "coordinates": [ [ [ 117.315551652468571, 42.409568439926112 ], [ 117.315308596808975, 42.409569108694107 ], [ 117.315309498918865, 42.409749226406163 ], [ 117.315552555273825, 42.409748557633975 ], [ 117.315551652468571, 42.409568439926112 ] ] ] } },
{ "type": "Feature", "properties": { "Grid_ID": 240, "Row": 10, "Col": 24, "Area_m2": 400.0, "Carbon_tha_24": 28.7434, "NDVI": 0.7511, "NIRv": 0.2171 }, "geometry": { "type": "Polygon", "coordinates": [ [ [ 117.31579470811991, 42.409567770642795 ], [ 117.315551652468571, 42.409568439926112 ], [ 117.315552555273825, 42.409748557633975 ], [ 117.31579561162053, 42.409747888346452 ], [ 117.31579470811991, 42.409567770642795 ] ] ] } },
{ "type": "Feature", "properties": { "Grid_ID": 241, "Row": 11, "Col": 1, "Area_m2": 400.0, "Carbon_tha_24": 61.7351, "NDVI": 0.8458, "NIRv": 0.2391 }, "geometry": { "type": "Polygon", "coordinates": [ [ [ 117.310203538558312, 42.409402915980998 ], [ 117.309960483413676, 42.409403573408099 ], [ 117.309961370217408, 42.4095836912173 ], [ 117.31020442605741, 42.409583033786078 ], [ 117.310203538558312, 42.409402915980998 ] ] ] } },
{ "type": "Feature", "properties": { "Grid_ID": 242, "Row": 11, "Col": 2, "Area_m2": 400.0, "Carbon_tha_24": 67.4458, "NDVI": 0.831, "NIRv": 0.2218 }, "geometry": { "type": "Polygon", "coordinates": [ [ [ 117.31044659369482, 42.40940225803859 ], [ 117.310203538558312, 42.409402915980998 ], [ 117.31020442605741, 42.409583033786078 ], [ 117.310447481889298, 42.409582375839534 ], [ 117.31044659369482, 42.40940225803859 ] ] ] } },
{ "type": "Feature", "properties": { "Grid_ID": 243, "Row": 11, "Col": 3, "Area_m2": 400.0, "Carbon_tha_24": 67.3662, "NDVI": 0.8463, "NIRv": 0.239 }, "geometry": { "type": "Polygon", "coordinates": [ [ [ 117.310689648823185, 42.409401599580882 ], [ 117.31044659369482, 42.40940225803859 ], [ 117.310447481889298, 42.409582375839534 ], [ 117.310690537713015, 42.409581717377698 ], [ 117.310689648823185, 42.409401599580882 ] ] ] } },
{ "type": "Feature", "properties": { "Grid_ID": 244, "Row": 11, "Col": 4, "Area_m2": 400.0, "Carbon_tha_24": 67.8509, "NDVI": 0.8511, "NIRv": 0.2366 }, "geometry": { "type": "Polygon", "coordinates": [ [ [ 117.310932703943422, 42.40940094060786 ], [ 117.310689648823185, 42.409401599580882 ], [ 117.310690537713015, 42.409581717377698 ], [ 117.310933593528588, 42.409581058400541 ], [ 117.310932703943422, 42.40940094060786 ] ] ] } },
{ "type": "Feature", "properties": { "Grid_ID": 245, "Row": 11, "Col": 5, "Area_m2": 400.0, "Carbon_tha_24": 76.5506, "NDVI": 0.8523, "NIRv": 0.2333 }, "geometry": { "type": "Polygon", "coordinates": [ [ [ 117.311175759055473, 42.409400281119538 ], [ 117.310932703943422, 42.40940094060786 ], [ 117.310933593528588, 42.409581058400541 ], [ 117.311176649336019, 42.409580398908084 ], [ 117.311175759055473, 42.409400281119538 ] ] ] } },
{ "type": "Feature", "properties": { "Grid_ID": 246, "Row": 11, "Col": 6, "Area_m2": 400.0, "Carbon_tha_24": 71.4914, "NDVI": 0.853, "NIRv": 0.2311 }, "geometry": { "type": "Polygon", "coordinates": [ [ [ 117.311418814159396, 42.409399621115917 ], [ 117.311175759055473, 42.409400281119538 ], [ 117.311176649336019, 42.409580398908084 ], [ 117.311419705135307, 42.40957973890032 ], [ 117.311418814159396, 42.409399621115917 ] ] ] } },
{ "type": "Feature", "properties": { "Grid_ID": 247, "Row": 11, "Col": 7, "Area_m2": 400.0, "Carbon_tha_24": 85.8007, "NDVI": 0.84, "NIRv": 0.2258 }, "geometry": { "type": "Polygon", "coordinates": [ [ [ 117.311661869255147, 42.409398960596981 ], [ 117.311418814159396, 42.409399621115917 ], [ 117.311419705135307, 42.40957973890032 ], [ 117.311662760926396, 42.409579078377234 ], [ 117.311661869255147, 42.409398960596981 ] ] ] } },
{ "type": "Feature", "properties": { "Grid_ID": 248, "Row": 11, "Col": 8, "Area_m2": 400.0, "Carbon_tha_24": 64.5493, "NDVI": 0.8417, "NIRv": 0.224 }, "geometry": { "type": "Polygon", "coordinates": [ [ [ 117.311904924342727, 42.409398299562731 ], [ 117.311661869255147, 42.409398960596981 ], [ 117.311662760926396, 42.409579078377234 ], [ 117.311905816709356, 42.409578417338849 ], [ 117.311904924342727, 42.409398299562731 ] ] ] } },
{ "type": "Feature", "properties": { "Grid_ID": 249, "Row": 11, "Col": 9, "Area_m2": 400.0, "Carbon_tha_24": 63.8388, "NDVI": 0.8455, "NIRv": 0.2237 }, "geometry": { "type": "Polygon", "coordinates": [ [ [ 117.312147979422136, 42.409397638013182 ], [ 117.311904924342727, 42.409398299562731 ], [ 117.311905816709356, 42.409578417338849 ], [ 117.312148872484116, 42.409577755785158 ], [ 117.312147979422136, 42.409397638013182 ] ] ] } },
{ "type": "Feature", "properties": { "Grid_ID": 250, "Row": 11, "Col": 10, "Area_m2": 400.0, "Carbon_tha_24": 54.8, "NDVI": 0.8191, "NIRv": 0.2128 }, "geometry": { "type": "Polygon", "coordinates": [ [ [ 117.312391034493359, 42.40939697594834 ], [ 117.312147979422136, 42.409397638013182 ], [ 117.312148872484116, 42.409577755785158 ], [ 117.312391928250676, 42.409577093716159 ], [ 117.312391034493359, 42.40939697594834 ] ] ] } },
{ "type": "Feature", "properties": { "Grid_ID": 251, "Row": 11, "Col": 11, "Area_m2": 400.0, "Carbon_tha_24": 61.5504, "NDVI": 0.828, "NIRv": 0.2244 }, "geometry": { "type": "Polygon", "coordinates": [ [ [ 117.312634089556397, 42.409396313368198 ], [ 117.312391034493359, 42.40939697594834 ], [ 117.312391928250676, 42.409577093716159 ], [ 117.31263498400908, 42.409576431131853 ], [ 117.312634089556397, 42.409396313368198 ] ] ] } },
{ "type": "Feature", "properties": { "Grid_ID": 252, "Row": 11, "Col": 12, "Area_m2": 400.0, "Carbon_tha_24": 41.4029, "NDVI": 0.8149, "NIRv": 0.2204 }, "geometry": { "type": "Polygon", "coordinates": [ [ [ 117.312877144611235, 42.409395650272728 ], [ 117.312634089556397, 42.409396313368198 ], [ 117.31263498400908, 42.409576431131853 ], [ 117.312878039759255, 42.409575768032227 ], [ 117.312877144611235, 42.409395650272728 ] ] ] } },
{ "type": "Feature", "properties": { "Grid_ID": 253, "Row": 11, "Col": 13, "Area_m2": 400.0, "Carbon_tha_24": 68.2739, "NDVI": 0.8412, "NIRv": 0.22 }, "geometry": { "type": "Polygon", "coordinates": [ [ [ 117.313120199657845, 42.409394986661972 ], [ 117.312877144611235, 42.409395650272728 ], [ 117.312878039759255, 42.409575768032227 ], [ 117.313121095501245, 42.409575104417307 ], [ 117.313120199657845, 42.409394986661972 ] ] ] } },
{ "type": "Feature", "properties": { "Grid_ID": 254, "Row": 11, "Col": 14, "Area_m2": 400.0, "Carbon_tha_24": 74.8571, "NDVI": 0.8542, "NIRv": 0.2266 }, "geometry": { "type": "Polygon", "coordinates": [ [ [ 117.31336325469627, 42.409394322535888 ], [ 117.313120199657845, 42.409394986661972 ], [ 117.313121095501245, 42.409575104417307 ], [ 117.313364151235021, 42.409574440287074 ], [ 117.31336325469627, 42.409394322535888 ] ] ] } },
{ "type": "Feature", "properties": { "Grid_ID": 255, "Row": 11, "Col": 15, "Area_m2": 400.0, "Carbon_tha_24": 74.9026, "NDVI": 0.8503, "NIRv": 0.2257 }, "geometry": { "type": "Polygon", "coordinates": [ [ [ 117.313606309726481, 42.409393657894512 ], [ 117.31336325469627, 42.409394322535888 ], [ 117.313364151235021, 42.409574440287074 ], [ 117.313607206960597, 42.409573775641533 ], [ 117.313606309726481, 42.409393657894512 ] ] ] } },
{ "type": "Feature", "properties": { "Grid_ID": 256, "Row": 11, "Col": 16, "Area_m2": 400.0, "Carbon_tha_24": 53.3959, "NDVI": 0.8183, "NIRv": 0.2215 }, "geometry": { "type": "Polygon", "coordinates": [ [ [ 117.313849364748464, 42.409392992737843 ], [ 117.313606309726481, 42.409393657894512 ], [ 117.313607206960597, 42.409573775641533 ], [ 117.313850262677931, 42.409573110480672 ], [ 117.313849364748464, 42.409392992737843 ] ] ] } },
{ "type": "Feature", "properties": { "Grid_ID": 257, "Row": 11, "Col": 17, "Area_m2": 400.0, "Carbon_tha_24": 69.4954, "NDVI": 0.8182, "NIRv": 0.2217 }, "geometry": { "type": "Polygon", "coordinates": [ [ [ 117.314092419762204, 42.409392327065859 ], [ 117.313849364748464, 42.409392992737843 ], [ 117.313850262677931, 42.409573110480672 ], [ 117.314093318387037, 42.409572444804517 ], [ 117.314092419762204, 42.409392327065859 ] ] ] } },
{ "type": "Feature", "properties": { "Grid_ID": 258, "Row": 11, "Col": 18, "Area_m2": 400.0, "Carbon_tha_24": 66.8067, "NDVI": 0.8397, "NIRv": 0.2218 }, "geometry": { "type": "Polygon", "coordinates": [ [ [ 117.314335474767731, 42.409391660878569 ], [ 117.314092419762204, 42.409392327065859 ], [ 117.314093318387037, 42.409572444804517 ], [ 117.314336374087944, 42.409571778613056 ], [ 117.314335474767731, 42.409391660878569 ] ] ] } },
{ "type": "Feature", "properties": { "Grid_ID": 259, "Row": 11, "Col": 19, "Area_m2": 400.0, "Carbon_tha_24": 90.0165, "NDVI": 0.8544, "NIRv": 0.2284 }, "geometry": { "type": "Polygon", "coordinates": [ [ [ 117.314578529765015, 42.409390994175972 ], [ 117.314335474767731, 42.409391660878569 ], [ 117.314336374087944, 42.409571778613056 ], [ 117.314579429780565, 42.409571111906281 ], [ 117.314578529765015, 42.409390994175972 ] ] ] } },
{ "type": "Feature", "properties": { "Grid_ID": 260, "Row": 11, "Col": 20, "Area_m2": 400.0, "Carbon_tha_24": 62.9356, "NDVI": 0.8639, "NIRv": 0.23 }, "geometry": { "type": "Polygon", "coordinates": [ [ [ 117.314821584754043, 42.409390326958075 ], [ 117.314578529765015, 42.409390994175972 ], [ 117.314579429780565, 42.409571111906281 ], [ 117.314822485464944, 42.409570444684199 ], [ 117.314821584754043, 42.409390326958075 ] ] ] } },
{ "type": "Feature", "properties": { "Grid_ID": 261, "Row": 11, "Col": 21, "Area_m2": 400.0, "Carbon_tha_24": 78.8515, "NDVI": 0.8448, "NIRv": 0.2199 }, "geometry": { "type": "Polygon", "coordinates": [ [ [ 117.315064639734842, 42.409389659224871 ], [ 117.314821584754043, 42.409390326958075 ], [ 117.314822485464944, 42.409570444684199 ], [ 117.315065541141081, 42.409569776946817 ], [ 117.315064639734842, 42.409389659224871 ] ] ] } },
{ "type": "Feature", "properties": { "Grid_ID": 262, "Row": 11, "Col": 22, "Area_m2": 400.0, "Carbon_tha_24": 77.2458, "NDVI": 0.8408, "NIRv": 0.2163 }, "geometry": { "type": "Polygon", "coordinates": [ [ [ 117.315307694707343, 42.409388990976367 ], [ 117.315064639734842, 42.409389659224871 ], [ 117.315065541141081, 42.409569776946817 ], [ 117.315308596808975, 42.409569108694107 ], [ 117.315307694707343, 42.409388990976367 ] ] ] } },
{ "type": "Feature", "properties": { "Grid_ID": 263, "Row": 11, "Col": 23, "Area_m2": 400.0, "Carbon_tha_24": 84.0441, "NDVI": 0.835, "NIRv": 0.217 }, "geometry": { "type": "Polygon", "coordinates": [ [ [ 117.315550749671587, 42.409388322212564 ], [ 117.315307694707343, 42.409388990976367 ], [ 117.315308596808975, 42.409569108694107 ], [ 117.315551652468571, 42.409568439926112 ], [ 117.315550749671587, 42.409388322212564 ] ] ] } },
{ "type": "Feature", "properties": { "Grid_ID": 264, "Row": 11, "Col": 24, "Area_m2": 400.0, "Carbon_tha_24": 49.9539, "NDVI": 0.7931, "NIRv": 0.2231 }, "geometry": { "type": "Polygon", "coordinates": [ [ [ 117.315793804627575, 42.409387652933447 ], [ 117.315550749671587, 42.409388322212564 ], [ 117.315551652468571, 42.409568439926112 ], [ 117.31579470811991, 42.409567770642795 ], [ 117.315793804627575, 42.409387652933447 ] ] ] } },
{ "type": "Feature", "properties": { "Grid_ID": 265, "Row": 12, "Col": 1, "Area_m2": 400.0, "Carbon_tha_24": 73.0716, "NDVI": 0.8485, "NIRv": 0.2428 }, "geometry": { "type": "Polygon", "coordinates": [ [ [ 117.310202651067343, 42.409222798170248 ], [ 117.309959596618029, 42.409223455593221 ], [ 117.309960483413676, 42.409403573408099 ], [ 117.310203538558312, 42.409402915980998 ], [ 117.310202651067343, 42.409222798170248 ] ] ] } },
{ "type": "Feature", "properties": { "Grid_ID": 266, "Row": 12, "Col": 2, "Area_m2": 400.0, "Carbon_tha_24": 65.2876, "NDVI": 0.8355, "NIRv": 0.2336 }, "geometry": { "type": "Polygon", "coordinates": [ [ [ 117.310445705508485, 42.409222140231961 ], [ 117.310202651067343, 42.409222798170248 ], [ 117.310203538558312, 42.409402915980998 ], [ 117.31044659369482, 42.40940225803859 ], [ 117.310445705508485, 42.409222140231961 ] ] ] } },
{ "type": "Feature", "properties": { "Grid_ID": 267, "Row": 12, "Col": 3, "Area_m2": 400.0, "Carbon_tha_24": 84.7524, "NDVI": 0.8561, "NIRv": 0.2429 }, "geometry": { "type": "Polygon", "coordinates": [ [ [ 117.310688759941513, 42.409221481778367 ], [ 117.310445705508485, 42.409222140231961 ], [ 117.31044659369482, 42.40940225803859 ], [ 117.310689648823185, 42.409401599580882 ], [ 117.310688759941513, 42.409221481778367 ] ] ] } },
{ "type": "Feature", "properties": { "Grid_ID": 268, "Row": 12, "Col": 4, "Area_m2": 400.0, "Carbon_tha_24": 72.7348, "NDVI": 0.8565, "NIRv": 0.2473 }, "geometry": { "type": "Polygon", "coordinates": [ [ [ 117.310931814366398, 42.409220822809495 ], [ 117.310688759941513, 42.409221481778367 ], [ 117.310689648823185, 42.409401599580882 ], [ 117.310932703943422, 42.40940094060786 ], [ 117.310931814366398, 42.409220822809495 ] ] ] } },
{ "type": "Feature", "properties": { "Grid_ID": 269, "Row": 12, "Col": 5, "Area_m2": 400.0, "Carbon_tha_24": 73.1938, "NDVI": 0.8371, "NIRv": 0.2462 }, "geometry": { "type": "Polygon", "coordinates": [ [ [ 117.311174868783112, 42.409220163325301 ], [ 117.310931814366398, 42.409220822809495 ], [ 117.310932703943422, 42.40940094060786 ], [ 117.311175759055473, 42.409400281119538 ], [ 117.311174868783112, 42.409220163325301 ] ] ] } },
{ "type": "Feature", "properties": { "Grid_ID": 270, "Row": 12, "Col": 6, "Area_m2": 400.0, "Carbon_tha_24": 79.416, "NDVI": 0.8482, "NIRv": 0.2403 }, "geometry": { "type": "Polygon", "coordinates": [ [ [ 117.311417923191684, 42.409219503325815 ], [ 117.311174868783112, 42.409220163325301 ], [ 117.311175759055473, 42.409400281119538 ], [ 117.311418814159396, 42.409399621115917 ], [ 117.311417923191684, 42.409219503325815 ] ] ] } },
{ "type": "Feature", "properties": { "Grid_ID": 271, "Row": 12, "Col": 7, "Area_m2": 400.0, "Carbon_tha_24": 79.9699, "NDVI": 0.833, "NIRv": 0.2403 }, "geometry": { "type": "Polygon", "coordinates": [ [ [ 117.311660977592055, 42.409218842811029 ], [ 117.311417923191684, 42.409219503325815 ], [ 117.311418814159396, 42.409399621115917 ], [ 117.311661869255147, 42.409398960596981 ], [ 117.311660977592055, 42.409218842811029 ] ] ] } },
{ "type": "Feature", "properties": { "Grid_ID": 272, "Row": 12, "Col": 8, "Area_m2": 400.0, "Carbon_tha_24": 77.2714, "NDVI": 0.8391, "NIRv": 0.2369 }, "geometry": { "type": "Polygon", "coordinates": [ [ [ 117.311904031984298, 42.409218181780929 ], [ 117.311660977592055, 42.409218842811029 ], [ 117.311661869255147, 42.409398960596981 ], [ 117.311904924342727, 42.409398299562731 ], [ 117.311904031984298, 42.409218181780929 ] ] ] } },
{ "type": "Feature", "properties": { "Grid_ID": 273, "Row": 12, "Col": 9, "Area_m2": 400.0, "Carbon_tha_24": 87.6512, "NDVI": 0.8431, "NIRv": 0.2385 }, "geometry": { "type": "Polygon", "coordinates": [ [ [ 117.312147086368341, 42.409217520235529 ], [ 117.311904031984298, 42.409218181780929 ], [ 117.311904924342727, 42.409398299562731 ], [ 117.312147979422136, 42.409397638013182 ], [ 117.312147086368341, 42.409217520235529 ] ] ] } },
{ "type": "Feature", "properties": { "Grid_ID": 274, "Row": 12, "Col": 10, "Area_m2": 400.0, "Carbon_tha_24": 47.3477, "NDVI": 0.8162, "NIRv": 0.2277 }, "geometry": { "type": "Polygon", "coordinates": [ [ [ 117.312390140744213, 42.409216858174837 ], [ 117.312147086368341, 42.409217520235529 ], [ 117.312147979422136, 42.409397638013182 ], [ 117.312391034493359, 42.40939697594834 ], [ 117.312390140744213, 42.409216858174837 ] ] ] } },
{ "type": "Feature", "properties": { "Grid_ID": 275, "Row": 12, "Col": 11, "Area_m2": 400.0, "Carbon_tha_24": 76.1368, "NDVI": 0.8507, "NIRv": 0.2394 }, "geometry": { "type": "Polygon", "coordinates": [ [ [ 117.3126331951119, 42.40921619559883 ], [ 117.312390140744213, 42.409216858174837 ], [ 117.312391034493359, 42.40939697594834 ], [ 117.312634089556397, 42.409396313368198 ], [ 117.3126331951119, 42.40921619559883 ] ] ] } },
{ "type": "Feature", "properties": { "Grid_ID": 276, "Row": 12, "Col": 12, "Area_m2": 400.0, "Carbon_tha_24": 50.0162, "NDVI": 0.8595, "NIRv": 0.2508 }, "geometry": { "type": "Polygon", "coordinates": [ [ [ 117.312876249471358, 42.409215532507531 ], [ 117.3126331951119, 42.40921619559883 ], [ 117.312634089556397, 42.409396313368198 ], [ 117.312877144611235, 42.409395650272728 ], [ 117.312876249471358, 42.409215532507531 ] ] ] } },
{ "type": "Feature", "properties": { "Grid_ID": 277, "Row": 12, "Col": 13, "Area_m2": 400.0, "Carbon_tha_24": 65.8988, "NDVI": 0.8573, "NIRv": 0.2392 }, "geometry": { "type": "Polygon", "coordinates": [ [ [ 117.31311930382266, 42.409214868900932 ], [ 117.312876249471358, 42.409215532507531 ], [ 117.312877144611235, 42.409395650272728 ], [ 117.313120199657845, 42.409394986661972 ], [ 117.31311930382266, 42.409214868900932 ] ] ] } },
{ "type": "Feature", "properties": { "Grid_ID": 278, "Row": 12, "Col": 14, "Area_m2": 400.0, "Carbon_tha_24": 71.0497, "NDVI": 0.8602, "NIRv": 0.2407 }, "geometry": { "type": "Polygon", "coordinates": [ [ [ 117.313362358165719, 42.409214204779026 ], [ 117.31311930382266, 42.409214868900932 ], [ 117.313120199657845, 42.409394986661972 ], [ 117.31336325469627, 42.409394322535888 ], [ 117.313362358165719, 42.409214204779026 ] ] ] } },
{ "type": "Feature", "properties": { "Grid_ID": 279, "Row": 12, "Col": 15, "Area_m2": 400.0, "Carbon_tha_24": 81.8613, "NDVI": 0.8607, "NIRv": 0.2446 }, "geometry": { "type": "Polygon", "coordinates": [ [ [ 117.313605412500578, 42.409213540141813 ], [ 117.313362358165719, 42.409214204779026 ], [ 117.31336325469627, 42.409394322535888 ], [ 117.313606309726481, 42.409393657894512 ], [ 117.313605412500578, 42.409213540141813 ] ] ] } },
{ "type": "Feature", "properties": { "Grid_ID": 280, "Row": 12, "Col": 16, "Area_m2": 400.0, "Carbon_tha_24": 52.7808, "NDVI": 0.8241, "NIRv": 0.2309 }, "geometry": { "type": "Polygon", "coordinates": [ [ [ 117.31384846682721, 42.409212874989315 ], [ 117.313605412500578, 42.409213540141813 ], [ 117.313606309726481, 42.409393657894512 ], [ 117.313849364748464, 42.409392992737843 ], [ 117.31384846682721, 42.409212874989315 ] ] ] } },
{ "type": "Feature", "properties": { "Grid_ID": 281, "Row": 12, "Col": 17, "Area_m2": 400.0, "Carbon_tha_24": 10.8367, "NDVI": 0.7122, "NIRv": 0.2004 }, "geometry": { "type": "Polygon", "coordinates": [ [ [ 117.314091521145613, 42.409212209321495 ], [ 117.31384846682721, 42.409212874989315 ], [ 117.313849364748464, 42.409392992737843 ], [ 117.314092419762204, 42.409392327065859 ], [ 117.314091521145613, 42.409212209321495 ] ] ] } },
{ "type": "Feature", "properties": { "Grid_ID": 282, "Row": 12, "Col": 18, "Area_m2": 400.0, "Carbon_tha_24": 70.3365, "NDVI": 0.8149, "NIRv": 0.2211 }, "geometry": { "type": "Polygon", "coordinates": [ [ [ 117.314334575455788, 42.409211543138383 ], [ 117.314091521145613, 42.409212209321495 ], [ 117.314092419762204, 42.409392327065859 ], [ 117.314335474767731, 42.409391660878569 ], [ 117.314334575455788, 42.409211543138383 ] ] ] } },
{ "type": "Feature", "properties": { "Grid_ID": 283, "Row": 12, "Col": 19, "Area_m2": 400.0, "Carbon_tha_24": 62.2977, "NDVI": 0.8446, "NIRv": 0.2364 }, "geometry": { "type": "Polygon", "coordinates": [ [ [ 117.314577629757707, 42.409210876439978 ], [ 117.314334575455788, 42.409211543138383 ], [ 117.314335474767731, 42.409391660878569 ], [ 117.314578529765015, 42.409390994175972 ], [ 117.314577629757707, 42.409210876439978 ] ] ] } },
{ "type": "Feature", "properties": { "Grid_ID": 284, "Row": 12, "Col": 20, "Area_m2": 400.0, "Carbon_tha_24": 94.5506, "NDVI": 0.8591, "NIRv": 0.2424 }, "geometry": { "type": "Polygon", "coordinates": [ [ [ 117.314820684051398, 42.409210209226266 ], [ 117.314577629757707, 42.409210876439978 ], [ 117.314578529765015, 42.409390994175972 ], [ 117.314821584754043, 42.409390326958075 ], [ 117.314820684051398, 42.409210209226266 ] ] ] } },
{ "type": "Feature", "properties": { "Grid_ID": 285, "Row": 12, "Col": 21, "Area_m2": 400.0, "Carbon_tha_24": 75.8838, "NDVI": 0.8538, "NIRv": 0.241 }, "geometry": { "type": "Polygon", "coordinates": [ [ [ 117.315063738336818, 42.409209541497255 ], [ 117.314820684051398, 42.409210209226266 ], [ 117.314821584754043, 42.409390326958075 ], [ 117.315064639734842, 42.409389659224871 ], [ 117.315063738336818, 42.409209541497255 ] ] ] } },
{ "type": "Feature", "properties": { "Grid_ID": 286, "Row": 12, "Col": 22, "Area_m2": 400.0, "Carbon_tha_24": 84.5317, "NDVI": 0.8473, "NIRv": 0.2384 }, "geometry": { "type": "Polygon", "coordinates": [ [ [ 117.315306792613995, 42.409208873252936 ], [ 117.315063738336818, 42.409209541497255 ], [ 117.315064639734842, 42.409389659224871 ], [ 117.315307694707343, 42.409388990976367 ], [ 117.315306792613995, 42.409208873252936 ] ] ] } },
{ "type": "Feature", "properties": { "Grid_ID": 287, "Row": 12, "Col": 23, "Area_m2": 400.0, "Carbon_tha_24": 68.9828, "NDVI": 0.8257, "NIRv": 0.2352 }, "geometry": { "type": "Polygon", "coordinates": [ [ [ 117.315549846882902, 42.409208204493318 ], [ 117.315306792613995, 42.409208873252936 ], [ 117.315307694707343, 42.409388990976367 ], [ 117.315550749671587, 42.409388322212564 ], [ 117.315549846882902, 42.409208204493318 ] ] ] } },
{ "type": "Feature", "properties": { "Grid_ID": 288, "Row": 12, "Col": 24, "Area_m2": 400.0, "Carbon_tha_24": 50.7848, "NDVI": 0.8265, "NIRv": 0.2343 }, "geometry": { "type": "Polygon", "coordinates": [ [ [ 117.31579290114351, 42.409207535218393 ], [ 117.315549846882902, 42.409208204493318 ], [ 117.315550749671587, 42.409388322212564 ], [ 117.315793804627575, 42.409387652933447 ], [ 117.31579290114351, 42.409207535218393 ] ] ] } },
{ "type": "Feature", "properties": { "Grid_ID": 289, "Row": 13, "Col": 1, "Area_m2": 400.0, "Carbon_tha_24": 52.0832, "NDVI": 0.8151, "NIRv": 0.2407 }, "geometry": { "type": "Polygon", "coordinates": [ [ [ 117.310201763584502, 42.409042680353771 ], [ 117.309958709830568, 42.40904333777263 ], [ 117.309959596618029, 42.409223455593221 ], [ 117.310202651067343, 42.409222798170248 ], [ 117.310201763584502, 42.409042680353771 ] ] ] } },
{ "type": "Feature", "properties": { "Grid_ID": 290, "Row": 13, "Col": 2, "Area_m2": 400.0, "Carbon_tha_24": 50.3424, "NDVI": 0.8128, "NIRv": 0.2247 }, "geometry": { "type": "Polygon", "coordinates": [ [ [ 117.310444817330321, 42.409042022419619 ], [ 117.310201763584502, 42.409042680353771 ], [ 117.310202651067343, 42.409222798170248 ], [ 117.310445705508485, 42.409222140231961 ], [ 117.310444817330321, 42.409042022419619 ] ] ] } },
{ "type": "Feature", "properties": { "Grid_ID": 291, "Row": 13, "Col": 3, "Area_m2": 400.0, "Carbon_tha_24": 60.5175, "NDVI": 0.8483, "NIRv": 0.2361 }, "geometry": { "type": "Polygon", "coordinates": [ [ [ 117.310687871067969, 42.409041363970168 ], [ 117.310444817330321, 42.409042022419619 ], [ 117.310445705508485, 42.409222140231961 ], [ 117.310688759941513, 42.409221481778367 ], [ 117.310687871067969, 42.409041363970168 ] ] ] } },
{ "type": "Feature", "properties": { "Grid_ID": 292, "Row": 13, "Col": 4, "Area_m2": 400.0, "Carbon_tha_24": 48.1111, "NDVI": 0.8178, "NIRv": 0.2293 }, "geometry": { "type": "Polygon", "coordinates": [ [ [ 117.310930924797518, 42.40904070500541 ], [ 117.310687871067969, 42.409041363970168 ], [ 117.310688759941513, 42.409221481778367 ], [ 117.310931814366398, 42.409220822809495 ], [ 117.310930924797518, 42.40904070500541 ] ] ] } },
{ "type": "Feature", "properties": { "Grid_ID": 293, "Row": 13, "Col": 5, "Area_m2": 400.0, "Carbon_tha_24": 51.4638, "NDVI": 0.8356, "NIRv": 0.2267 }, "geometry": { "type": "Polygon", "coordinates": [ [ [ 117.31117397851888, 42.409040045525359 ], [ 117.310930924797518, 42.40904070500541 ], [ 117.310931814366398, 42.409220822809495 ], [ 117.311174868783112, 42.409220163325301 ], [ 117.31117397851888, 42.409040045525359 ] ] ] } },
{ "type": "Feature", "properties": { "Grid_ID": 294, "Row": 13, "Col": 6, "Area_m2": 400.0, "Carbon_tha_24": 40.6298, "NDVI": 0.8342, "NIRv": 0.2258 }, "geometry": { "type": "Polygon", "coordinates": [ [ [ 117.311417032232114, 42.409039385530008 ], [ 117.31117397851888, 42.409040045525359 ], [ 117.311174868783112, 42.409220163325301 ], [ 117.311417923191684, 42.409219503325815 ], [ 117.311417032232114, 42.409039385530008 ] ] ] } },
{ "type": "Feature", "properties": { "Grid_ID": 295, "Row": 13, "Col": 7, "Area_m2": 400.0, "Carbon_tha_24": 23.2432, "NDVI": 0.757, "NIRv": 0.2095 }, "geometry": { "type": "Polygon", "coordinates": [ [ [ 117.311660085937163, 42.409038725019364 ], [ 117.311417032232114, 42.409039385530008 ], [ 117.311417923191684, 42.409219503325815 ], [ 117.311660977592055, 42.409218842811029 ], [ 117.311660085937163, 42.409038725019364 ] ] ] } },
{ "type": "Feature", "properties": { "Grid_ID": 296, "Row": 13, "Col": 8, "Area_m2": 400.0, "Carbon_tha_24": 69.1544, "NDVI": 0.8266, "NIRv": 0.225 }, "geometry": { "type": "Polygon", "coordinates": [ [ [ 117.31190313963404, 42.409038063993414 ], [ 117.311660085937163, 42.409038725019364 ], [ 117.311660977592055, 42.409218842811029 ], [ 117.311904031984298, 42.409218181780929 ], [ 117.31190313963404, 42.409038063993414 ] ] ] } },
{ "type": "Feature", "properties": { "Grid_ID": 297, "Row": 13, "Col": 9, "Area_m2": 400.0, "Carbon_tha_24": 68.874, "NDVI": 0.8296, "NIRv": 0.2228 }, "geometry": { "type": "Polygon", "coordinates": [ [ [ 117.312146193322732, 42.409037402452164 ], [ 117.31190313963404, 42.409038063993414 ], [ 117.311904031984298, 42.409218181780929 ], [ 117.312147086368341, 42.409217520235529 ], [ 117.312146193322732, 42.409037402452164 ] ] ] } },
{ "type": "Feature", "properties": { "Grid_ID": 298, "Row": 13, "Col": 10, "Area_m2": 400.0, "Carbon_tha_24": 45.2917, "NDVI": 0.8279, "NIRv": 0.2303 }, "geometry": { "type": "Polygon", "coordinates": [ [ [ 117.312389247003267, 42.409036740395614 ], [ 117.312146193322732, 42.409037402452164 ], [ 117.312147086368341, 42.409217520235529 ], [ 117.312390140744213, 42.409216858174837 ], [ 117.312389247003267, 42.409036740395614 ] ] ] } },
{ "type": "Feature", "properties": { "Grid_ID": 299, "Row": 13, "Col": 11, "Area_m2": 400.0, "Carbon_tha_24": 55.1812, "NDVI": 0.8337, "NIRv": 0.2286 }, "geometry": { "type": "Polygon", "coordinates": [ [ [ 117.312632300675602, 42.409036077823771 ], [ 117.312389247003267, 42.409036740395614 ], [ 117.312390140744213, 42.409216858174837 ], [ 117.3126331951119, 42.40921619559883 ], [ 117.312632300675602, 42.409036077823771 ] ] ] } },
{ "type": "Feature", "properties": { "Grid_ID": 300, "Row": 13, "Col": 12, "Area_m2": 400.0, "Carbon_tha_24": 52.1412, "NDVI": 0.8385, "NIRv": 0.2392 }, "geometry": { "type": "Polygon", "coordinates": [ [ [ 117.312875354339738, 42.409035414736628 ], [ 117.312632300675602, 42.409036077823771 ], [ 117.3126331951119, 42.40921619559883 ], [ 117.312876249471358, 42.409215532507531 ], [ 117.312875354339738, 42.409035414736628 ] ] ] } },
{ "type": "Feature", "properties": { "Grid_ID": 301, "Row": 13, "Col": 13, "Area_m2": 400.0, "Carbon_tha_24": 67.2177, "NDVI": 0.8519, "NIRv": 0.2469 }, "geometry": { "type": "Polygon", "coordinates": [ [ [ 117.313118407995674, 42.409034751134186 ], [ 117.312875354339738, 42.409035414736628 ], [ 117.312876249471358, 42.409215532507531 ], [ 117.31311930382266, 42.409214868900932 ], [ 117.313118407995674, 42.409034751134186 ] ] ] } },
{ "type": "Feature", "properties": { "Grid_ID": 302, "Row": 13, "Col": 14, "Area_m2": 400.0, "Carbon_tha_24": 54.4866, "NDVI": 0.8425, "NIRv": 0.2325 }, "geometry": { "type": "Polygon", "coordinates": [ [ [ 117.31336146164341, 42.409034087016444 ], [ 117.313118407995674, 42.409034751134186 ], [ 117.31311930382266, 42.409214868900932 ], [ 117.313362358165719, 42.409214204779026 ], [ 117.31336146164341, 42.409034087016444 ] ] ] } },
{ "type": "Feature", "properties": { "Grid_ID": 303, "Row": 13, "Col": 15, "Area_m2": 400.0, "Carbon_tha_24": 72.6814, "NDVI": 0.8591, "NIRv": 0.244 }, "geometry": { "type": "Polygon", "coordinates": [ [ [ 117.31360451528289, 42.409033422383416 ], [ 117.31336146164341, 42.409034087016444 ], [ 117.313362358165719, 42.409214204779026 ], [ 117.313605412500578, 42.409213540141813 ], [ 117.31360451528289, 42.409033422383416 ] ] ] } },
{ "type": "Feature", "properties": { "Grid_ID": 304, "Row": 13, "Col": 16, "Area_m2": 400.0, "Carbon_tha_24": 73.8, "NDVI": 0.8508, "NIRv": 0.2368 }, "geometry": { "type": "Polygon", "coordinates": [ [ [ 117.313847568914184, 42.409032757235074 ], [ 117.31360451528289, 42.409033422383416 ], [ 117.313605412500578, 42.409213540141813 ], [ 117.31384846682721, 42.409212874989315 ], [ 117.313847568914184, 42.409032757235074 ] ] ] } },
{ "type": "Feature", "properties": { "Grid_ID": 305, "Row": 13, "Col": 17, "Area_m2": 400.0, "Carbon_tha_24": 58.6694, "NDVI": 0.8411, "NIRv": 0.2234 }, "geometry": { "type": "Polygon", "coordinates": [ [ [ 117.314090622537236, 42.409032091571433 ], [ 117.313847568914184, 42.409032757235074 ], [ 117.31384846682721, 42.409212874989315 ], [ 117.314091521145613, 42.409212209321495 ], [ 117.314090622537236, 42.409032091571433 ] ] ] } },
{ "type": "Feature", "properties": { "Grid_ID": 306, "Row": 13, "Col": 18, "Area_m2": 400.0, "Carbon_tha_24": 76.721, "NDVI": 0.8464, "NIRv": 0.2223 }, "geometry": { "type": "Polygon", "coordinates": [ [ [ 117.314333676152074, 42.409031425392499 ], [ 117.314090622537236, 42.409032091571433 ], [ 117.314091521145613, 42.409212209321495 ], [ 117.314334575455788, 42.409211543138383 ], [ 117.314333676152074, 42.409031425392499 ] ] ] } },
{ "type": "Feature", "properties": { "Grid_ID": 307, "Row": 13, "Col": 19, "Area_m2": 400.0, "Carbon_tha_24": 75.365, "NDVI": 0.8556, "NIRv": 0.2284 }, "geometry": { "type": "Polygon", "coordinates": [ [ [ 117.314576729758656, 42.409030758698272 ], [ 117.314333676152074, 42.409031425392499 ], [ 117.314334575455788, 42.409211543138383 ], [ 117.314577629757707, 42.409210876439978 ], [ 117.314576729758656, 42.409030758698272 ] ] ] } },
{ "type": "Feature", "properties": { "Grid_ID": 308, "Row": 13, "Col": 20, "Area_m2": 400.0, "Carbon_tha_24": 88.9632, "NDVI": 0.8211, "NIRv": 0.2225 }, "geometry": { "type": "Polygon", "coordinates": [ [ [ 117.314819783357009, 42.409030091488752 ], [ 117.314576729758656, 42.409030758698272 ], [ 117.314577629757707, 42.409210876439978 ], [ 117.314820684051398, 42.409210209226266 ], [ 117.314819783357009, 42.409030091488752 ] ] ] } },
{ "type": "Feature", "properties": { "Grid_ID": 309, "Row": 13, "Col": 21, "Area_m2": 400.0, "Carbon_tha_24": 71.9636, "NDVI": 0.8509, "NIRv": 0.2464 }, "geometry": { "type": "Polygon", "coordinates": [ [ [ 117.315062836947078, 42.409029423763918 ], [ 117.314819783357009, 42.409030091488752 ], [ 117.314820684051398, 42.409210209226266 ], [ 117.315063738336818, 42.409209541497255 ], [ 117.315062836947078, 42.409029423763918 ] ] ] } },
{ "type": "Feature", "properties": { "Grid_ID": 310, "Row": 13, "Col": 22, "Area_m2": 400.0, "Carbon_tha_24": 47.2226, "NDVI": 0.8195, "NIRv": 0.2273 }, "geometry": { "type": "Polygon", "coordinates": [ [ [ 117.315305890528919, 42.409028755523792 ], [ 117.315062836947078, 42.409029423763918 ], [ 117.315063738336818, 42.409209541497255 ], [ 117.315306792613995, 42.409208873252936 ], [ 117.315305890528919, 42.409028755523792 ] ] ] } },
{ "type": "Feature", "properties": { "Grid_ID": 311, "Row": 13, "Col": 23, "Area_m2": 400.0, "Carbon_tha_24": 20.0109, "NDVI": 0.7945, "NIRv": 0.2204 }, "geometry": { "type": "Polygon", "coordinates": [ [ [ 117.315548944102446, 42.409028086768366 ], [ 117.315305890528919, 42.409028755523792 ], [ 117.315306792613995, 42.409208873252936 ], [ 117.315549846882902, 42.409208204493318 ], [ 117.315548944102446, 42.409028086768366 ] ] ] } },
{ "type": "Feature", "properties": { "Grid_ID": 312, "Row": 13, "Col": 24, "Area_m2": 400.0, "Carbon_tha_24": 68.8493, "NDVI": 0.828, "NIRv": 0.223 }, "geometry": { "type": "Polygon", "coordinates": [ [ [ 117.315791997667745, 42.409027417497647 ], [ 117.315548944102446, 42.409028086768366 ], [ 117.315549846882902, 42.409208204493318 ], [ 117.31579290114351, 42.409207535218393 ], [ 117.315791997667745, 42.409027417497647 ] ] ] } },
{ "type": "Feature", "properties": { "Grid_ID": 313, "Row": 14, "Col": 1, "Area_m2": 400.0, "Carbon_tha_24": 42.8149, "NDVI": 0.838, "NIRv": 0.2289 }, "geometry": { "type": "Polygon", "coordinates": [ [ [ 117.310200876109803, 42.408862562531631 ], [ 117.309957823051178, 42.408863219946355 ], [ 117.309958709830568, 42.40904333777263 ], [ 117.310201763584502, 42.409042680353771 ], [ 117.310200876109803, 42.408862562531631 ] ] ] } },
{ "type": "Feature", "properties": { "Grid_ID": 314, "Row": 14, "Col": 2, "Area_m2": 400.0, "Carbon_tha_24": 69.4985, "NDVI": 0.8399, "NIRv": 0.2204 }, "geometry": { "type": "Polygon", "coordinates": [ [ [ 117.310443929160272, 42.408861904601594 ], [ 117.310200876109803, 42.408862562531631 ], [ 117.310201763584502, 42.409042680353771 ], [ 117.310444817330321, 42.409042022419619 ], [ 117.310443929160272, 42.408861904601594 ] ] ] } },
{ "type": "Feature", "properties": { "Grid_ID": 315, "Row": 14, "Col": 3, "Area_m2": 400.0, "Carbon_tha_24": 33.6581, "NDVI": 0.84, "NIRv": 0.2394 }, "geometry": { "type": "Polygon", "coordinates": [ [ [ 117.310686982202611, 42.408861246156278 ], [ 117.310443929160272, 42.408861904601594 ], [ 117.310444817330321, 42.409042022419619 ], [ 117.310687871067969, 42.409041363970168 ], [ 117.310686982202611, 42.408861246156278 ] ] ] } },
{ "type": "Feature", "properties": { "Grid_ID": 316, "Row": 14, "Col": 4, "Area_m2": 400.0, "Carbon_tha_24": 69.8879, "NDVI": 0.8316, "NIRv": 0.2346 }, "geometry": { "type": "Polygon", "coordinates": [ [ [ 117.31093003523678, 42.408860587195647 ], [ 117.310686982202611, 42.408861246156278 ], [ 117.310687871067969, 42.409041363970168 ], [ 117.310930924797518, 42.40904070500541 ], [ 117.31093003523678, 42.408860587195647 ] ] ] } },
{ "type": "Feature", "properties": { "Grid_ID": 317, "Row": 14, "Col": 5, "Area_m2": 400.0, "Carbon_tha_24": 53.0805, "NDVI": 0.8402, "NIRv": 0.2308 }, "geometry": { "type": "Polygon", "coordinates": [ [ [ 117.311173088262819, 42.408859927719739 ], [ 117.31093003523678, 42.408860587195647 ], [ 117.310930924797518, 42.40904070500541 ], [ 117.31117397851888, 42.409040045525359 ], [ 117.311173088262819, 42.408859927719739 ] ] ] } },
{ "type": "Feature", "properties": { "Grid_ID": 318, "Row": 14, "Col": 6, "Area_m2": 400.0, "Carbon_tha_24": 67.1131, "NDVI": 0.8435, "NIRv": 0.2318 }, "geometry": { "type": "Polygon", "coordinates": [ [ [ 117.311416141280702, 42.408859267728509 ], [ 117.311173088262819, 42.408859927719739 ], [ 117.31117397851888, 42.409040045525359 ], [ 117.311417032232114, 42.409039385530008 ], [ 117.311416141280702, 42.408859267728509 ] ] ] } },
{ "type": "Feature", "properties": { "Grid_ID": 319, "Row": 14, "Col": 7, "Area_m2": 400.0, "Carbon_tha_24": 42.8924, "NDVI": 0.8013, "NIRv": 0.2148 }, "geometry": { "type": "Polygon", "coordinates": [ [ [ 117.311659194290414, 42.408858607222008 ], [ 117.311416141280702, 42.408859267728509 ], [ 117.311417032232114, 42.409039385530008 ], [ 117.311660085937163, 42.409038725019364 ], [ 117.311659194290414, 42.408858607222008 ] ] ] } },
{ "type": "Feature", "properties": { "Grid_ID": 320, "Row": 14, "Col": 8, "Area_m2": 400.0, "Carbon_tha_24": 31.6095, "NDVI": 0.7753, "NIRv": 0.2153 }, "geometry": { "type": "Polygon", "coordinates": [ [ [ 117.311902247291968, 42.408857946200207 ], [ 117.311659194290414, 42.408858607222008 ], [ 117.311660085937163, 42.409038725019364 ], [ 117.31190313963404, 42.409038063993414 ], [ 117.311902247291968, 42.408857946200207 ] ] ] } },
{ "type": "Feature", "properties": { "Grid_ID": 321, "Row": 14, "Col": 9, "Area_m2": 400.0, "Carbon_tha_24": 39.9916, "NDVI": 0.7997, "NIRv": 0.2225 }, "geometry": { "type": "Polygon", "coordinates": [ [ [ 117.312145300285323, 42.4088572846631 ], [ 117.311902247291968, 42.408857946200207 ], [ 117.31190313963404, 42.409038063993414 ], [ 117.312146193322732, 42.409037402452164 ], [ 117.312145300285323, 42.4088572846631 ] ] ] } },
{ "type": "Feature", "properties": { "Grid_ID": 322, "Row": 14, "Col": 10, "Area_m2": 400.0, "Carbon_tha_24": 73.5614, "NDVI": 0.8418, "NIRv": 0.2255 }, "geometry": { "type": "Polygon", "coordinates": [ [ [ 117.312388353270507, 42.408856622610713 ], [ 117.312145300285323, 42.4088572846631 ], [ 117.312146193322732, 42.409037402452164 ], [ 117.312389247003267, 42.409036740395614 ], [ 117.312388353270507, 42.408856622610713 ] ] ] } },
{ "type": "Feature", "properties": { "Grid_ID": 323, "Row": 14, "Col": 11, "Area_m2": 400.0, "Carbon_tha_24": 71.384, "NDVI": 0.8507, "NIRv": 0.2289 }, "geometry": { "type": "Polygon", "coordinates": [ [ [ 117.31263140624749, 42.40885596004302 ], [ 117.312388353270507, 42.408856622610713 ], [ 117.312389247003267, 42.409036740395614 ], [ 117.312632300675602, 42.409036077823771 ], [ 117.31263140624749, 42.40885596004302 ] ] ] } },
{ "type": "Feature", "properties": { "Grid_ID": 324, "Row": 14, "Col": 12, "Area_m2": 400.0, "Carbon_tha_24": 48.921, "NDVI": 0.8238, "NIRv": 0.2222 }, "geometry": { "type": "Polygon", "coordinates": [ [ [ 117.312874459216289, 42.408855296960041 ], [ 117.31263140624749, 42.40885596004302 ], [ 117.312632300675602, 42.409036077823771 ], [ 117.312875354339738, 42.409035414736628 ], [ 117.312874459216289, 42.408855296960041 ] ] ] } },
{ "type": "Feature", "properties": { "Grid_ID": 325, "Row": 14, "Col": 13, "Area_m2": 400.0, "Carbon_tha_24": 47.0599, "NDVI": 0.8481, "NIRv": 0.2207 }, "geometry": { "type": "Polygon", "coordinates": [ [ [ 117.313117512176902, 42.408854633361763 ], [ 117.312874459216289, 42.408855296960041 ], [ 117.312875354339738, 42.409035414736628 ], [ 117.313118407995674, 42.409034751134186 ], [ 117.313117512176902, 42.408854633361763 ] ] ] } },
{ "type": "Feature", "properties": { "Grid_ID": 326, "Row": 14, "Col": 14, "Area_m2": 400.0, "Carbon_tha_24": 67.5377, "NDVI": 0.8531, "NIRv": 0.2309 }, "geometry": { "type": "Polygon", "coordinates": [ [ [ 117.313360565129287, 42.408853969248185 ], [ 117.313117512176902, 42.408854633361763 ], [ 117.313118407995674, 42.409034751134186 ], [ 117.31336146164341, 42.409034087016444 ], [ 117.313360565129287, 42.408853969248185 ] ] ] } },
{ "type": "Feature", "properties": { "Grid_ID": 327, "Row": 14, "Col": 15, "Area_m2": 400.0, "Carbon_tha_24": 53.9375, "NDVI": 0.8683, "NIRv": 0.246 }, "geometry": { "type": "Polygon", "coordinates": [ [ [ 117.313603618073458, 42.408853304619306 ], [ 117.313360565129287, 42.408853969248185 ], [ 117.31336146164341, 42.409034087016444 ], [ 117.31360451528289, 42.409033422383416 ], [ 117.313603618073458, 42.408853304619306 ] ] ] } },
{ "type": "Feature", "properties": { "Grid_ID": 328, "Row": 14, "Col": 16, "Area_m2": 400.0, "Carbon_tha_24": 60.1875, "NDVI": 0.8671, "NIRv": 0.2418 }, "geometry": { "type": "Polygon", "coordinates": [ [ [ 117.313846671009401, 42.40885263947515 ], [ 117.313603618073458, 42.408853304619306 ], [ 117.31360451528289, 42.409033422383416 ], [ 117.313847568914184, 42.409032757235074 ], [ 117.313846671009401, 42.40885263947515 ] ] ] } },
{ "type": "Feature", "properties": { "Grid_ID": 329, "Row": 14, "Col": 17, "Area_m2": 400.0, "Carbon_tha_24": 67.1583, "NDVI": 0.8654, "NIRv": 0.2402 }, "geometry": { "type": "Polygon", "coordinates": [ [ [ 117.314089723937116, 42.408851973815693 ], [ 117.313846671009401, 42.40885263947515 ], [ 117.313847568914184, 42.409032757235074 ], [ 117.314090622537236, 42.409032091571433 ], [ 117.314089723937116, 42.408851973815693 ] ] ] } },
{ "type": "Feature", "properties": { "Grid_ID": 330, "Row": 14, "Col": 18, "Area_m2": 400.0, "Carbon_tha_24": 78.2686, "NDVI": 0.8642, "NIRv": 0.2435 }, "geometry": { "type": "Polygon", "coordinates": [ [ [ 117.314332776856602, 42.40885130764093 ], [ 117.314089723937116, 42.408851973815693 ], [ 117.314090622537236, 42.409032091571433 ], [ 117.314333676152074, 42.409031425392499 ], [ 117.314332776856602, 42.40885130764093 ] ] ] } },
{ "type": "Feature", "properties": { "Grid_ID": 331, "Row": 14, "Col": 19, "Area_m2": 400.0, "Carbon_tha_24": 70.4133, "NDVI": 0.8577, "NIRv": 0.2327 }, "geometry": { "type": "Polygon", "coordinates": [ [ [ 117.314575829767847, 42.408850640950881 ], [ 117.314332776856602, 42.40885130764093 ], [ 117.314333676152074, 42.409031425392499 ], [ 117.314576729758656, 42.409030758698272 ], [ 117.314575829767847, 42.408850640950881 ] ] ] } },
{ "type": "Feature", "properties": { "Grid_ID": 332, "Row": 14, "Col": 20, "Area_m2": 400.0, "Carbon_tha_24": 80.3198, "NDVI": 0.847, "NIRv": 0.2347 }, "geometry": { "type": "Polygon", "coordinates": [ [ [ 117.314818882670835, 42.408849973745532 ], [ 117.314575829767847, 42.408850640950881 ], [ 117.314576729758656, 42.409030758698272 ], [ 117.314819783357009, 42.409030091488752 ], [ 117.314818882670835, 42.408849973745532 ] ] ] } },
{ "type": "Feature", "properties": { "Grid_ID": 333, "Row": 14, "Col": 21, "Area_m2": 400.0, "Carbon_tha_24": 86.5366, "NDVI": 0.8617, "NIRv": 0.2459 }, "geometry": { "type": "Polygon", "coordinates": [ [ [ 117.315061935565595, 42.408849306024898 ], [ 117.314818882670835, 42.408849973745532 ], [ 117.314819783357009, 42.409030091488752 ], [ 117.315062836947078, 42.409029423763918 ], [ 117.315061935565595, 42.408849306024898 ] ] ] } },
{ "type": "Feature", "properties": { "Grid_ID": 334, "Row": 14, "Col": 22, "Area_m2": 400.0, "Carbon_tha_24": 70.7716, "NDVI": 0.8421, "NIRv": 0.2327 }, "geometry": { "type": "Polygon", "coordinates": [ [ [ 117.315304988452084, 42.408848637788964 ], [ 117.315061935565595, 42.408849306024898 ], [ 117.315062836947078, 42.409029423763918 ], [ 117.315305890528919, 42.409028755523792 ], [ 117.315304988452084, 42.408848637788964 ] ] ] } },
{ "type": "Feature", "properties": { "Grid_ID": 335, "Row": 14, "Col": 23, "Area_m2": 400.0, "Carbon_tha_24": 56.2035, "NDVI": 0.8433, "NIRv": 0.2217 }, "geometry": { "type": "Polygon", "coordinates": [ [ [ 117.315548041330302, 42.408847969037737 ], [ 117.315304988452084, 42.408848637788964 ], [ 117.315305890528919, 42.409028755523792 ], [ 117.315548944102446, 42.409028086768366 ], [ 117.315548041330302, 42.408847969037737 ] ] ] } },
{ "type": "Feature", "properties": { "Grid_ID": 336, "Row": 14, "Col": 24, "Area_m2": 400.0, "Carbon_tha_24": 58.5895, "NDVI": 0.8437, "NIRv": 0.2122 }, "geometry": { "type": "Polygon", "coordinates": [ [ [ 117.31579109420025, 42.40884729977121 ], [ 117.315548041330302, 42.408847969037737 ], [ 117.315548944102446, 42.409028086768366 ], [ 117.315791997667745, 42.409027417497647 ], [ 117.31579109420025, 42.40884729977121 ] ] ] } },
{ "type": "Feature", "properties": { "Grid_ID": 337, "Row": 15, "Col": 1, "Area_m2": 400.0, "Carbon_tha_24": 63.3957, "NDVI": 0.8277, "NIRv": 0.2229 }, "geometry": { "type": "Polygon", "coordinates": [ [ [ 117.31019998864322, 42.408682444703778 ], [ 117.309956936279946, 42.408683102114388 ], [ 117.309957823051178, 42.408863219946355 ], [ 117.310200876109803, 42.408862562531631 ], [ 117.31019998864322, 42.408682444703778 ] ] ] } },
{ "type": "Feature", "properties": { "Grid_ID": 338, "Row": 15, "Col": 2, "Area_m2": 400.0, "Carbon_tha_24": 61.3077, "NDVI": 0.8435, "NIRv": 0.2233 }, "geometry": { "type": "Polygon", "coordinates": [ [ [ 117.310443040998365, 42.408681786777869 ], [ 117.31019998864322, 42.408682444703778 ], [ 117.310200876109803, 42.408862562531631 ], [ 117.310443929160272, 42.408861904601594 ], [ 117.310443040998365, 42.408681786777869 ] ] ] } },
{ "type": "Feature", "properties": { "Grid_ID": 339, "Row": 15, "Col": 3, "Area_m2": 400.0, "Carbon_tha_24": 63.4913, "NDVI": 0.8254, "NIRv": 0.2249 }, "geometry": { "type": "Polygon", "coordinates": [ [ [ 117.310686093345353, 42.408681128336674 ], [ 117.310443040998365, 42.408681786777869 ], [ 117.310443929160272, 42.408861904601594 ], [ 117.310686982202611, 42.408861246156278 ], [ 117.310686093345353, 42.408681128336674 ] ] ] } },
{ "type": "Feature", "properties": { "Grid_ID": 340, "Row": 15, "Col": 4, "Area_m2": 400.0, "Carbon_tha_24": 36.9728, "NDVI": 0.829, "NIRv": 0.2241 }, "geometry": { "type": "Polygon", "coordinates": [ [ [ 117.310929145684199, 42.408680469380187 ], [ 117.310686093345353, 42.408681128336674 ], [ 117.310686982202611, 42.408861246156278 ], [ 117.31093003523678, 42.408860587195647 ], [ 117.310929145684199, 42.408680469380187 ] ] ] } },
{ "type": "Feature", "properties": { "Grid_ID": 341, "Row": 15, "Col": 5, "Area_m2": 400.0, "Carbon_tha_24": 61.7911, "NDVI": 0.8483, "NIRv": 0.2314 }, "geometry": { "type": "Polygon", "coordinates": [ [ [ 117.311172198014901, 42.408679809908406 ], [ 117.310929145684199, 42.408680469380187 ], [ 117.31093003523678, 42.408860587195647 ], [ 117.311173088262819, 42.408859927719739 ], [ 117.311172198014901, 42.408679809908406 ] ] ] } },
{ "type": "Feature", "properties": { "Grid_ID": 342, "Row": 15, "Col": 6, "Area_m2": 400.0, "Carbon_tha_24": 64.7015, "NDVI": 0.8273, "NIRv": 0.2195 }, "geometry": { "type": "Polygon", "coordinates": [ [ [ 117.311415250337461, 42.408679149921333 ], [ 117.311172198014901, 42.408679809908406 ], [ 117.311173088262819, 42.408859927719739 ], [ 117.311416141280702, 42.408859267728509 ], [ 117.311415250337461, 42.408679149921333 ] ] ] } },
{ "type": "Feature", "properties": { "Grid_ID": 343, "Row": 15, "Col": 7, "Area_m2": 400.0, "Carbon_tha_24": 49.6065, "NDVI": 0.8122, "NIRv": 0.2157 }, "geometry": { "type": "Polygon", "coordinates": [ [ [ 117.311658302651836, 42.408678489418968 ], [ 117.311415250337461, 42.408679149921333 ], [ 117.311416141280702, 42.408859267728509 ], [ 117.311659194290414, 42.408858607222008 ], [ 117.311658302651836, 42.408678489418968 ] ] ] } },
{ "type": "Feature", "properties": { "Grid_ID": 344, "Row": 15, "Col": 8, "Area_m2": 400.0, "Carbon_tha_24": 4.5174, "NDVI": 0.7473, "NIRv": 0.1983 }, "geometry": { "type": "Polygon", "coordinates": [ [ [ 117.311901354958067, 42.408677828401302 ], [ 117.311658302651836, 42.408678489418968 ], [ 117.311659194290414, 42.408858607222008 ], [ 117.311902247291968, 42.408857946200207 ], [ 117.311901354958067, 42.408677828401302 ] ] ] } },
{ "type": "Feature", "properties": { "Grid_ID": 345, "Row": 15, "Col": 9, "Area_m2": 400.0, "Carbon_tha_24": 27.3569, "NDVI": 0.7785, "NIRv": 0.1979 }, "geometry": { "type": "Polygon", "coordinates": [ [ [ 117.312144407256099, 42.408677166868351 ], [ 117.311901354958067, 42.408677828401302 ], [ 117.311902247291968, 42.408857946200207 ], [ 117.312145300285323, 42.4088572846631 ], [ 117.312144407256099, 42.408677166868351 ] ] ] } },
{ "type": "Feature", "properties": { "Grid_ID": 346, "Row": 15, "Col": 10, "Area_m2": 400.0, "Carbon_tha_24": 68.2049, "NDVI": 0.841, "NIRv": 0.216 }, "geometry": { "type": "Polygon", "coordinates": [ [ [ 117.312387459545931, 42.408676504820107 ], [ 117.312144407256099, 42.408677166868351 ], [ 117.312145300285323, 42.4088572846631 ], [ 117.312388353270507, 42.408856622610713 ], [ 117.312387459545931, 42.408676504820107 ] ] ] } },
{ "type": "Feature", "properties": { "Grid_ID": 347, "Row": 15, "Col": 11, "Area_m2": 400.0, "Carbon_tha_24": 65.2461, "NDVI": 0.8437, "NIRv": 0.225 }, "geometry": { "type": "Polygon", "coordinates": [ [ [ 117.312630511827606, 42.408675842256585 ], [ 117.312387459545931, 42.408676504820107 ], [ 117.312388353270507, 42.408856622610713 ], [ 117.31263140624749, 42.40885596004302 ], [ 117.312630511827606, 42.408675842256585 ] ] ] } },
{ "type": "Feature", "properties": { "Grid_ID": 348, "Row": 15, "Col": 12, "Area_m2": 400.0, "Carbon_tha_24": 66.6341, "NDVI": 0.8456, "NIRv": 0.2308 }, "geometry": { "type": "Polygon", "coordinates": [ [ [ 117.312873564101054, 42.408675179177756 ], [ 117.312630511827606, 42.408675842256585 ], [ 117.31263140624749, 42.40885596004302 ], [ 117.312874459216289, 42.408855296960041 ], [ 117.312873564101054, 42.408675179177756 ] ] ] } },
{ "type": "Feature", "properties": { "Grid_ID": 349, "Row": 15, "Col": 13, "Area_m2": 400.0, "Carbon_tha_24": 60.7972, "NDVI": 0.8553, "NIRv": 0.2224 }, "geometry": { "type": "Polygon", "coordinates": [ [ [ 117.313116616366315, 42.408674515583634 ], [ 117.312873564101054, 42.408675179177756 ], [ 117.312874459216289, 42.408855296960041 ], [ 117.313117512176902, 42.408854633361763 ], [ 117.313116616366315, 42.408674515583634 ] ] ] } },
{ "type": "Feature", "properties": { "Grid_ID": 350, "Row": 15, "Col": 14, "Area_m2": 400.0, "Carbon_tha_24": 70.3034, "NDVI": 0.8527, "NIRv": 0.2251 }, "geometry": { "type": "Polygon", "coordinates": [ [ [ 117.313359668623391, 42.408673851474219 ], [ 117.313116616366315, 42.408674515583634 ], [ 117.313117512176902, 42.408854633361763 ], [ 117.313360565129287, 42.408853969248185 ], [ 117.313359668623391, 42.408673851474219 ] ] ] } },
{ "type": "Feature", "properties": { "Grid_ID": 351, "Row": 15, "Col": 15, "Area_m2": 400.0, "Carbon_tha_24": 85.8191, "NDVI": 0.8541, "NIRv": 0.2347 }, "geometry": { "type": "Polygon", "coordinates": [ [ [ 117.313602720872211, 42.408673186849526 ], [ 117.313359668623391, 42.408673851474219 ], [ 117.313360565129287, 42.408853969248185 ], [ 117.313603618073458, 42.408853304619306 ], [ 117.313602720872211, 42.408673186849526 ] ] ] } },
{ "type": "Feature", "properties": { "Grid_ID": 352, "Row": 15, "Col": 16, "Area_m2": 400.0, "Carbon_tha_24": 77.241, "NDVI": 0.8638, "NIRv": 0.2433 }, "geometry": { "type": "Polygon", "coordinates": [ [ [ 117.313845773112845, 42.408672521709533 ], [ 117.313602720872211, 42.408673186849526 ], [ 117.313603618073458, 42.408853304619306 ], [ 117.313846671009401, 42.40885263947515 ], [ 117.313845773112845, 42.408672521709533 ] ] ] } },
{ "type": "Feature", "properties": { "Grid_ID": 353, "Row": 15, "Col": 17, "Area_m2": 400.0, "Carbon_tha_24": 65.7442, "NDVI": 0.8677, "NIRv": 0.2435 }, "geometry": { "type": "Polygon", "coordinates": [ [ [ 117.314088825345223, 42.408671856054234 ], [ 117.313845773112845, 42.408672521709533 ], [ 117.313846671009401, 42.40885263947515 ], [ 117.314089723937116, 42.408851973815693 ], [ 117.314088825345223, 42.408671856054234 ] ] ] } },
{ "type": "Feature", "properties": { "Grid_ID": 354, "Row": 15, "Col": 18, "Area_m2": 400.0, "Carbon_tha_24": 51.64, "NDVI": 0.8568, "NIRv": 0.2358 }, "geometry": { "type": "Polygon", "coordinates": [ [ [ 117.314331877569373, 42.40867118988367 ], [ 117.314088825345223, 42.408671856054234 ], [ 117.314089723937116, 42.408851973815693 ], [ 117.314332776856602, 42.40885130764093 ], [ 117.314331877569373, 42.40867118988367 ] ] ] } },
{ "type": "Feature", "properties": { "Grid_ID": 355, "Row": 15, "Col": 19, "Area_m2": 400.0, "Carbon_tha_24": 77.9152, "NDVI": 0.8693, "NIRv": 0.243 }, "geometry": { "type": "Polygon", "coordinates": [ [ [ 117.314574929785294, 42.408670523197792 ], [ 117.314331877569373, 42.40867118988367 ], [ 117.314332776856602, 42.40885130764093 ], [ 117.314575829767847, 42.408850640950881 ], [ 117.314574929785294, 42.408670523197792 ] ] ] } },
{ "type": "Feature", "properties": { "Grid_ID": 356, "Row": 15, "Col": 20, "Area_m2": 400.0, "Carbon_tha_24": 56.0525, "NDVI": 0.8692, "NIRv": 0.2375 }, "geometry": { "type": "Polygon", "coordinates": [ [ [ 117.314817981992945, 42.408669855996635 ], [ 117.314574929785294, 42.408670523197792 ], [ 117.314575829767847, 42.408850640950881 ], [ 117.314818882670835, 42.408849973745532 ], [ 117.314817981992945, 42.408669855996635 ] ] ] } },
{ "type": "Feature", "properties": { "Grid_ID": 357, "Row": 15, "Col": 21, "Area_m2": 400.0, "Carbon_tha_24": 67.0705, "NDVI": 0.8722, "NIRv": 0.2489 }, "geometry": { "type": "Polygon", "coordinates": [ [ [ 117.315061034192382, 42.408669188280186 ], [ 117.314817981992945, 42.408669855996635 ], [ 117.314818882670835, 42.408849973745532 ], [ 117.315061935565595, 42.408849306024898 ], [ 117.315061034192382, 42.408669188280186 ] ] ] } },
{ "type": "Feature", "properties": { "Grid_ID": 358, "Row": 15, "Col": 22, "Area_m2": 400.0, "Carbon_tha_24": 59.7901, "NDVI": 0.8653, "NIRv": 0.2456 }, "geometry": { "type": "Polygon", "coordinates": [ [ [ 117.31530408638352, 42.40866852004843 ], [ 117.315061034192382, 42.408669188280186 ], [ 117.315061935565595, 42.408849306024898 ], [ 117.315304988452084, 42.408848637788964 ], [ 117.31530408638352, 42.40866852004843 ] ] ] } },
{ "type": "Feature", "properties": { "Grid_ID": 359, "Row": 15, "Col": 23, "Area_m2": 400.0, "Carbon_tha_24": 82.1978, "NDVI": 0.8613, "NIRv": 0.2315 }, "geometry": { "type": "Polygon", "coordinates": [ [ [ 117.315547138566416, 42.408667851301402 ], [ 117.31530408638352, 42.40866852004843 ], [ 117.315304988452084, 42.408848637788964 ], [ 117.315548041330302, 42.408847969037737 ], [ 117.315547138566416, 42.408667851301402 ] ] ] } },
{ "type": "Feature", "properties": { "Grid_ID": 360, "Row": 15, "Col": 24, "Area_m2": 400.0, "Carbon_tha_24": 85.7809, "NDVI": 0.8627, "NIRv": 0.2336 }, "geometry": { "type": "Polygon", "coordinates": [ [ [ 117.315790190741012, 42.408667182039068 ], [ 117.315547138566416, 42.408667851301402 ], [ 117.315548041330302, 42.408847969037737 ], [ 117.31579109420025, 42.40884729977121 ], [ 117.315790190741012, 42.408667182039068 ] ] ] } },
{ "type": "Feature", "properties": { "Grid_ID": 361, "Row": 16, "Col": 1, "Area_m2": 400.0, "Carbon_tha_24": 62.7703, "NDVI": 0.8019, "NIRv": 0.2111 }, "geometry": { "type": "Polygon", "coordinates": [ [ [ 117.310199101184764, 42.408502326870234 ], [ 117.309956049516842, 42.408502984276716 ], [ 117.309956936279946, 42.408683102114388 ], [ 117.31019998864322, 42.408682444703778 ], [ 117.310199101184764, 42.408502326870234 ] ] ] } },
{ "type": "Feature", "properties": { "Grid_ID": 362, "Row": 16, "Col": 2, "Area_m2": 400.0, "Carbon_tha_24": 66.9127, "NDVI": 0.8111, "NIRv": 0.2229 }, "geometry": { "type": "Polygon", "coordinates": [ [ [ 117.310442152844587, 42.408501668948446 ], [ 117.310199101184764, 42.408502326870234 ], [ 117.31019998864322, 42.408682444703778 ], [ 117.310443040998365, 42.408681786777869 ], [ 117.310442152844587, 42.408501668948446 ] ] ] } },
{ "type": "Feature", "properties": { "Grid_ID": 363, "Row": 16, "Col": 3, "Area_m2": 400.0, "Carbon_tha_24": 23.3386, "NDVI": 0.7052, "NIRv": 0.2004 }, "geometry": { "type": "Polygon", "coordinates": [ [ [ 117.310685204496252, 42.408501010511394 ], [ 117.310442152844587, 42.408501668948446 ], [ 117.310443040998365, 42.408681786777869 ], [ 117.310686093345353, 42.408681128336674 ], [ 117.310685204496252, 42.408501010511394 ] ] ] } },
{ "type": "Feature", "properties": { "Grid_ID": 364, "Row": 16, "Col": 4, "Area_m2": 400.0, "Carbon_tha_24": 56.0166, "NDVI": 0.7842, "NIRv": 0.2126 }, "geometry": { "type": "Polygon", "coordinates": [ [ [ 117.310928256139803, 42.408500351559027 ], [ 117.310685204496252, 42.408501010511394 ], [ 117.310686093345353, 42.408681128336674 ], [ 117.310929145684199, 42.408680469380187 ], [ 117.310928256139803, 42.408500351559027 ] ] ] } },
{ "type": "Feature", "properties": { "Grid_ID": 365, "Row": 16, "Col": 5, "Area_m2": 400.0, "Carbon_tha_24": 57.8034, "NDVI": 0.8282, "NIRv": 0.2225 }, "geometry": { "type": "Polygon", "coordinates": [ [ [ 117.311171307775155, 42.408499692091389 ], [ 117.310928256139803, 42.408500351559027 ], [ 117.310929145684199, 42.408680469380187 ], [ 117.311172198014901, 42.408679809908406 ], [ 117.311171307775155, 42.408499692091389 ] ] ] } },
{ "type": "Feature", "properties": { "Grid_ID": 366, "Row": 16, "Col": 6, "Area_m2": 400.0, "Carbon_tha_24": 48.1769, "NDVI": 0.8255, "NIRv": 0.2249 }, "geometry": { "type": "Polygon", "coordinates": [ [ [ 117.311414359402377, 42.408499032108445 ], [ 117.311171307775155, 42.408499692091389 ], [ 117.311172198014901, 42.408679809908406 ], [ 117.311415250337461, 42.408679149921333 ], [ 117.311414359402377, 42.408499032108445 ] ] ] } },
{ "type": "Feature", "properties": { "Grid_ID": 367, "Row": 16, "Col": 7, "Area_m2": 400.0, "Carbon_tha_24": 61.746, "NDVI": 0.8274, "NIRv": 0.2303 }, "geometry": { "type": "Polygon", "coordinates": [ [ [ 117.311657411021443, 42.408498371610222 ], [ 117.311414359402377, 42.408499032108445 ], [ 117.311415250337461, 42.408679149921333 ], [ 117.311658302651836, 42.408678489418968 ], [ 117.311657411021443, 42.408498371610222 ] ] ] } },
{ "type": "Feature", "properties": { "Grid_ID": 368, "Row": 16, "Col": 8, "Area_m2": 400.0, "Carbon_tha_24": 61.2552, "NDVI": 0.803, "NIRv": 0.2134 }, "geometry": { "type": "Polygon", "coordinates": [ [ [ 117.311900462632323, 42.408497710596713 ], [ 117.311657411021443, 42.408498371610222 ], [ 117.311658302651836, 42.408678489418968 ], [ 117.311901354958067, 42.408677828401302 ], [ 117.311900462632323, 42.408497710596713 ] ] ] } },
{ "type": "Feature", "properties": { "Grid_ID": 369, "Row": 16, "Col": 9, "Area_m2": 400.0, "Carbon_tha_24": 44.572, "NDVI": 0.7743, "NIRv": 0.1986 }, "geometry": { "type": "Polygon", "coordinates": [ [ [ 117.312143514235032, 42.408497049067911 ], [ 117.311900462632323, 42.408497710596713 ], [ 117.311901354958067, 42.408677828401302 ], [ 117.312144407256099, 42.408677166868351 ], [ 117.312143514235032, 42.408497049067911 ] ] ] } },
{ "type": "Feature", "properties": { "Grid_ID": 370, "Row": 16, "Col": 10, "Area_m2": 400.0, "Carbon_tha_24": 57.5293, "NDVI": 0.8054, "NIRv": 0.2304 }, "geometry": { "type": "Polygon", "coordinates": [ [ [ 117.312386565829556, 42.408496387023824 ], [ 117.312143514235032, 42.408497049067911 ], [ 117.312144407256099, 42.408677166868351 ], [ 117.312387459545931, 42.408676504820107 ], [ 117.312386565829556, 42.408496387023824 ] ] ] } },
{ "type": "Feature", "properties": { "Grid_ID": 371, "Row": 16, "Col": 11, "Area_m2": 400.0, "Carbon_tha_24": 68.4165, "NDVI": 0.8433, "NIRv": 0.2298 }, "geometry": { "type": "Polygon", "coordinates": [ [ [ 117.31262961741588, 42.408495724464444 ], [ 117.312386565829556, 42.408496387023824 ], [ 117.312387459545931, 42.408676504820107 ], [ 117.312630511827606, 42.408675842256585 ], [ 117.31262961741588, 42.408495724464444 ] ] ] } },
{ "type": "Feature", "properties": { "Grid_ID": 372, "Row": 16, "Col": 12, "Area_m2": 400.0, "Carbon_tha_24": 62.9901, "NDVI": 0.8469, "NIRv": 0.2326 }, "geometry": { "type": "Polygon", "coordinates": [ [ [ 117.312872668994018, 42.408495061389772 ], [ 117.31262961741588, 42.408495724464444 ], [ 117.312630511827606, 42.408675842256585 ], [ 117.312873564101054, 42.408675179177756 ], [ 117.312872668994018, 42.408495061389772 ] ] ] } },
{ "type": "Feature", "properties": { "Grid_ID": 373, "Row": 16, "Col": 13, "Area_m2": 400.0, "Carbon_tha_24": 78.7727, "NDVI": 0.8552, "NIRv": 0.2318 }, "geometry": { "type": "Polygon", "coordinates": [ [ [ 117.313115720563957, 42.408494397799814 ], [ 117.312872668994018, 42.408495061389772 ], [ 117.312873564101054, 42.408675179177756 ], [ 117.313116616366315, 42.408674515583634 ], [ 117.313115720563957, 42.408494397799814 ] ] ] } },
{ "type": "Feature", "properties": { "Grid_ID": 374, "Row": 16, "Col": 14, "Area_m2": 400.0, "Carbon_tha_24": 65.6301, "NDVI": 0.8571, "NIRv": 0.2404 }, "geometry": { "type": "Polygon", "coordinates": [ [ [ 117.313358772125682, 42.40849373369457 ], [ 117.313115720563957, 42.408494397799814 ], [ 117.313116616366315, 42.408674515583634 ], [ 117.313359668623391, 42.408673851474219 ], [ 117.313358772125682, 42.40849373369457 ] ] ] } },
{ "type": "Feature", "properties": { "Grid_ID": 375, "Row": 16, "Col": 15, "Area_m2": 400.0, "Carbon_tha_24": 64.9673, "NDVI": 0.8557, "NIRv": 0.2355 }, "geometry": { "type": "Polygon", "coordinates": [ [ [ 117.313601823679207, 42.408493069074034 ], [ 117.313358772125682, 42.40849373369457 ], [ 117.313359668623391, 42.408673851474219 ], [ 117.313602720872211, 42.408673186849526 ], [ 117.313601823679207, 42.408493069074034 ] ] ] } },
{ "type": "Feature", "properties": { "Grid_ID": 376, "Row": 16, "Col": 16, "Area_m2": 400.0, "Carbon_tha_24": 65.2035, "NDVI": 0.8584, "NIRv": 0.2424 }, "geometry": { "type": "Polygon", "coordinates": [ [ [ 117.31384487522449, 42.408492403938212 ], [ 117.313601823679207, 42.408493069074034 ], [ 117.313602720872211, 42.408673186849526 ], [ 117.313845773112845, 42.408672521709533 ], [ 117.31384487522449, 42.408492403938212 ] ] ] } },
{ "type": "Feature", "properties": { "Grid_ID": 377, "Row": 16, "Col": 17, "Area_m2": 400.0, "Carbon_tha_24": 78.8578, "NDVI": 0.8601, "NIRv": 0.2399 }, "geometry": { "type": "Polygon", "coordinates": [ [ [ 117.314087926761559, 42.408491738287097 ], [ 117.31384487522449, 42.408492403938212 ], [ 117.313845773112845, 42.408672521709533 ], [ 117.314088825345223, 42.408671856054234 ], [ 117.314087926761559, 42.408491738287097 ] ] ] } },
{ "type": "Feature", "properties": { "Grid_ID": 378, "Row": 16, "Col": 18, "Area_m2": 400.0, "Carbon_tha_24": 80.8923, "NDVI": 0.8557, "NIRv": 0.2399 }, "geometry": { "type": "Polygon", "coordinates": [ [ [ 117.314330978290386, 42.408491072120697 ], [ 117.314087926761559, 42.408491738287097 ], [ 117.314088825345223, 42.408671856054234 ], [ 117.314331877569373, 42.40867118988367 ], [ 117.314330978290386, 42.408491072120697 ] ] ] } },
{ "type": "Feature", "properties": { "Grid_ID": 379, "Row": 16, "Col": 19, "Area_m2": 400.0, "Carbon_tha_24": 76.9942, "NDVI": 0.8656, "NIRv": 0.2386 }, "geometry": { "type": "Polygon", "coordinates": [ [ [ 117.314574029810984, 42.408490405439011 ], [ 117.314330978290386, 42.408491072120697 ], [ 117.314331877569373, 42.40867118988367 ], [ 117.314574929785294, 42.408670523197792 ], [ 117.314574029810984, 42.408490405439011 ] ] ] } },
{ "type": "Feature", "properties": { "Grid_ID": 380, "Row": 16, "Col": 20, "Area_m2": 400.0, "Carbon_tha_24": 88.3362, "NDVI": 0.8711, "NIRv": 0.2486 }, "geometry": { "type": "Polygon", "coordinates": [ [ [ 117.314817081323312, 42.408489738242032 ], [ 117.314574029810984, 42.408490405439011 ], [ 117.314574929785294, 42.408670523197792 ], [ 117.314817981992945, 42.408669855996635 ], [ 117.314817081323312, 42.408489738242032 ] ] ] } },
{ "type": "Feature", "properties": { "Grid_ID": 381, "Row": 16, "Col": 21, "Area_m2": 400.0, "Carbon_tha_24": 89.2413, "NDVI": 0.8722, "NIRv": 0.2455 }, "geometry": { "type": "Polygon", "coordinates": [ [ [ 117.315060132827412, 42.408489070529761 ], [ 117.314817081323312, 42.408489738242032 ], [ 117.314817981992945, 42.408669855996635 ], [ 117.315061034192382, 42.408669188280186 ], [ 117.315060132827412, 42.408489070529761 ] ] ] } },
{ "type": "Feature", "properties": { "Grid_ID": 382, "Row": 16, "Col": 22, "Area_m2": 400.0, "Carbon_tha_24": 71.46, "NDVI": 0.862, "NIRv": 0.241 }, "geometry": { "type": "Polygon", "coordinates": [ [ [ 117.315303184323227, 42.408488402302211 ], [ 117.315060132827412, 42.408489070529761 ], [ 117.315061034192382, 42.408669188280186 ], [ 117.31530408638352, 42.40866852004843 ], [ 117.315303184323227, 42.408488402302211 ] ] ] } },
{ "type": "Feature", "properties": { "Grid_ID": 383, "Row": 16, "Col": 23, "Area_m2": 400.0, "Carbon_tha_24": 70.0801, "NDVI": 0.858, "NIRv": 0.2394 }, "geometry": { "type": "Polygon", "coordinates": [ [ [ 117.3155462358108, 42.408487733559376 ], [ 117.315303184323227, 42.408488402302211 ], [ 117.31530408638352, 42.40866852004843 ], [ 117.315547138566416, 42.408667851301402 ], [ 117.3155462358108, 42.408487733559376 ] ] ] } },
{ "type": "Feature", "properties": { "Grid_ID": 384, "Row": 16, "Col": 24, "Area_m2": 400.0, "Carbon_tha_24": 55.9588, "NDVI": 0.8551, "NIRv": 0.2378 }, "geometry": { "type": "Polygon", "coordinates": [ [ [ 117.315789287290087, 42.408487064301241 ], [ 117.3155462358108, 42.408487733559376 ], [ 117.315547138566416, 42.408667851301402 ], [ 117.315790190741012, 42.408667182039068 ], [ 117.315789287290087, 42.408487064301241 ] ] ] } },
{ "type": "Feature", "properties": { "Grid_ID": 385, "Row": 17, "Col": 1, "Area_m2": 400.0, "Carbon_tha_24": 59.7621, "NDVI": 0.8113, "NIRv": 0.2089 }, "geometry": { "type": "Polygon", "coordinates": [ [ [ 117.310198213734466, 42.408322209030992 ], [ 117.309955162761838, 42.408322866433359 ], [ 117.309956049516842, 42.408502984276716 ], [ 117.310199101184764, 42.408502326870234 ], [ 117.310198213734466, 42.408322209030992 ] ] ] } },
{ "type": "Feature", "properties": { "Grid_ID": 386, "Row": 17, "Col": 2, "Area_m2": 400.0, "Carbon_tha_24": 38.1371, "NDVI": 0.8224, "NIRv": 0.2273 }, "geometry": { "type": "Polygon", "coordinates": [ [ [ 117.310441264698966, 42.408321551113339 ], [ 117.310198213734466, 42.408322209030992 ], [ 117.310199101184764, 42.408502326870234 ], [ 117.310442152844587, 42.408501668948446 ], [ 117.310441264698966, 42.408321551113339 ] ] ] } },
{ "type": "Feature", "properties": { "Grid_ID": 387, "Row": 17, "Col": 3, "Area_m2": 400.0, "Carbon_tha_24": 22.3264, "NDVI": 0.7271, "NIRv": 0.1967 }, "geometry": { "type": "Polygon", "coordinates": [ [ [ 117.310684315655308, 42.408320892680401 ], [ 117.310441264698966, 42.408321551113339 ], [ 117.310442152844587, 42.408501668948446 ], [ 117.310685204496252, 42.408501010511394 ], [ 117.310684315655308, 42.408320892680401 ] ] ] } },
{ "type": "Feature", "properties": { "Grid_ID": 388, "Row": 17, "Col": 4, "Area_m2": 400.0, "Carbon_tha_24": 17.4657, "NDVI": 0.7372, "NIRv": 0.2062 }, "geometry": { "type": "Polygon", "coordinates": [ [ [ 117.310927366603508, 42.408320233732169 ], [ 117.310684315655308, 42.408320892680401 ], [ 117.310685204496252, 42.408501010511394 ], [ 117.310928256139803, 42.408500351559027 ], [ 117.310927366603508, 42.408320233732169 ] ] ] } },
{ "type": "Feature", "properties": { "Grid_ID": 389, "Row": 17, "Col": 5, "Area_m2": 400.0, "Carbon_tha_24": 43.6333, "NDVI": 0.8212, "NIRv": 0.2236 }, "geometry": { "type": "Polygon", "coordinates": [ [ [ 117.311170417543579, 42.408319574268667 ], [ 117.310927366603508, 42.408320233732169 ], [ 117.310928256139803, 42.408500351559027 ], [ 117.311171307775155, 42.408499692091389 ], [ 117.311170417543579, 42.408319574268667 ] ] ] } },
{ "type": "Feature", "properties": { "Grid_ID": 390, "Row": 17, "Col": 6, "Area_m2": 400.0, "Carbon_tha_24": 40.5389, "NDVI": 0.8291, "NIRv": 0.2274 }, "geometry": { "type": "Polygon", "coordinates": [ [ [ 117.311413468475465, 42.408318914289865 ], [ 117.311170417543579, 42.408319574268667 ], [ 117.311171307775155, 42.408499692091389 ], [ 117.311414359402377, 42.408499032108445 ], [ 117.311413468475465, 42.408318914289865 ] ] ] } },
{ "type": "Feature", "properties": { "Grid_ID": 391, "Row": 17, "Col": 7, "Area_m2": 400.0, "Carbon_tha_24": 56.2619, "NDVI": 0.8111, "NIRv": 0.2204 }, "geometry": { "type": "Polygon", "coordinates": [ [ [ 117.311656519399193, 42.408318253795791 ], [ 117.311413468475465, 42.408318914289865 ], [ 117.311414359402377, 42.408499032108445 ], [ 117.311657411021443, 42.408498371610222 ], [ 117.311656519399193, 42.408318253795791 ] ] ] } },
{ "type": "Feature", "properties": { "Grid_ID": 392, "Row": 17, "Col": 8, "Area_m2": 400.0, "Carbon_tha_24": 48.3943, "NDVI": 0.834, "NIRv": 0.2257 }, "geometry": { "type": "Polygon", "coordinates": [ [ [ 117.311899570314765, 42.408317592786418 ], [ 117.311656519399193, 42.408318253795791 ], [ 117.311657411021443, 42.408498371610222 ], [ 117.311900462632323, 42.408497710596713 ], [ 117.311899570314765, 42.408317592786418 ] ] ] } },
{ "type": "Feature", "properties": { "Grid_ID": 393, "Row": 17, "Col": 9, "Area_m2": 400.0, "Carbon_tha_24": 50.7853, "NDVI": 0.8215, "NIRv": 0.2133 }, "geometry": { "type": "Polygon", "coordinates": [ [ [ 117.312142621222151, 42.408316931261773 ], [ 117.311899570314765, 42.408317592786418 ], [ 117.311900462632323, 42.408497710596713 ], [ 117.312143514235032, 42.408497049067911 ], [ 117.312142621222151, 42.408316931261773 ] ] ] } },
{ "type": "Feature", "properties": { "Grid_ID": 394, "Row": 17, "Col": 10, "Area_m2": 400.0, "Carbon_tha_24": 21.8599, "NDVI": 0.7992, "NIRv": 0.2149 }, "geometry": { "type": "Polygon", "coordinates": [ [ [ 117.312385672121351, 42.408316269221835 ], [ 117.312142621222151, 42.408316931261773 ], [ 117.312143514235032, 42.408497049067911 ], [ 117.312386565829556, 42.408496387023824 ], [ 117.312385672121351, 42.408316269221835 ] ] ] } },
{ "type": "Feature", "properties": { "Grid_ID": 395, "Row": 17, "Col": 11, "Area_m2": 400.0, "Carbon_tha_24": 48.0336, "NDVI": 0.7832, "NIRv": 0.2154 }, "geometry": { "type": "Polygon", "coordinates": [ [ [ 117.312628723012381, 42.408315606666605 ], [ 117.312385672121351, 42.408316269221835 ], [ 117.312386565829556, 42.408496387023824 ], [ 117.31262961741588, 42.408495724464444 ], [ 117.312628723012381, 42.408315606666605 ] ] ] } },
{ "type": "Feature", "properties": { "Grid_ID": 396, "Row": 17, "Col": 12, "Area_m2": 400.0, "Carbon_tha_24": 54.3555, "NDVI": 0.8424, "NIRv": 0.229 }, "geometry": { "type": "Polygon", "coordinates": [ [ [ 117.312871773895196, 42.408314943596096 ], [ 117.312628723012381, 42.408315606666605 ], [ 117.31262961741588, 42.408495724464444 ], [ 117.312872668994018, 42.408495061389772 ], [ 117.312871773895196, 42.408314943596096 ] ] ] } },
{ "type": "Feature", "properties": { "Grid_ID": 397, "Row": 17, "Col": 13, "Area_m2": 400.0, "Carbon_tha_24": 62.4643, "NDVI": 0.8461, "NIRv": 0.2324 }, "geometry": { "type": "Polygon", "coordinates": [ [ [ 117.313114824769812, 42.408314280010295 ], [ 117.312871773895196, 42.408314943596096 ], [ 117.312872668994018, 42.408495061389772 ], [ 117.313115720563957, 42.408494397799814 ], [ 117.313114824769812, 42.408314280010295 ] ] ] } },
{ "type": "Feature", "properties": { "Grid_ID": 398, "Row": 17, "Col": 14, "Area_m2": 400.0, "Carbon_tha_24": 45.8955, "NDVI": 0.8024, "NIRv": 0.226 }, "geometry": { "type": "Polygon", "coordinates": [ [ [ 117.313357875636214, 42.408313615909222 ], [ 117.313114824769812, 42.408314280010295 ], [ 117.313115720563957, 42.408494397799814 ], [ 117.313358772125682, 42.40849373369457 ], [ 117.313357875636214, 42.408313615909222 ] ] ] } },
{ "type": "Feature", "properties": { "Grid_ID": 399, "Row": 17, "Col": 15, "Area_m2": 400.0, "Carbon_tha_24": 75.9787, "NDVI": 0.8495, "NIRv": 0.2296 }, "geometry": { "type": "Polygon", "coordinates": [ [ [ 117.313600926494402, 42.408312951292849 ], [ 117.313357875636214, 42.408313615909222 ], [ 117.313358772125682, 42.40849373369457 ], [ 117.313601823679207, 42.408493069074034 ], [ 117.313600926494402, 42.408312951292849 ] ] ] } },
{ "type": "Feature", "properties": { "Grid_ID": 400, "Row": 17, "Col": 16, "Area_m2": 400.0, "Carbon_tha_24": 61.0473, "NDVI": 0.8556, "NIRv": 0.2339 }, "geometry": { "type": "Polygon", "coordinates": [ [ [ 117.313843977344391, 42.408312286161205 ], [ 117.313600926494402, 42.408312951292849 ], [ 117.313601823679207, 42.408493069074034 ], [ 117.31384487522449, 42.408492403938212 ], [ 117.313843977344391, 42.408312286161205 ] ] ] } },
{ "type": "Feature", "properties": { "Grid_ID": 401, "Row": 17, "Col": 17, "Area_m2": 400.0, "Carbon_tha_24": 77.974, "NDVI": 0.8532, "NIRv": 0.2349 }, "geometry": { "type": "Polygon", "coordinates": [ [ [ 117.314087028186137, 42.408311620514262 ], [ 117.313843977344391, 42.408312286161205 ], [ 117.31384487522449, 42.408492403938212 ], [ 117.314087926761559, 42.408491738287097 ], [ 117.314087028186137, 42.408311620514262 ] ] ] } },
{ "type": "Feature", "properties": { "Grid_ID": 402, "Row": 17, "Col": 18, "Area_m2": 400.0, "Carbon_tha_24": 78.7693, "NDVI": 0.8594, "NIRv": 0.2391 }, "geometry": { "type": "Polygon", "coordinates": [ [ [ 117.314330079019641, 42.408310954352039 ], [ 117.314087028186137, 42.408311620514262 ], [ 117.314087926761559, 42.408491738287097 ], [ 117.314330978290386, 42.408491072120697 ], [ 117.314330079019641, 42.408310954352039 ] ] ] } },
{ "type": "Feature", "properties": { "Grid_ID": 403, "Row": 17, "Col": 19, "Area_m2": 400.0, "Carbon_tha_24": 84.4045, "NDVI": 0.865, "NIRv": 0.2428 }, "geometry": { "type": "Polygon", "coordinates": [ [ [ 117.314573129844916, 42.408310287674531 ], [ 117.314330079019641, 42.408310954352039 ], [ 117.314330978290386, 42.408491072120697 ], [ 117.314574029810984, 42.408490405439011 ], [ 117.314573129844916, 42.408310287674531 ] ] ] } },
{ "type": "Feature", "properties": { "Grid_ID": 404, "Row": 17, "Col": 20, "Area_m2": 400.0, "Carbon_tha_24": 79.7039, "NDVI": 0.8642, "NIRv": 0.2405 }, "geometry": { "type": "Polygon", "coordinates": [ [ [ 117.314816180661936, 42.408309620481738 ], [ 117.314573129844916, 42.408310287674531 ], [ 117.314574029810984, 42.408490405439011 ], [ 117.314817081323312, 42.408489738242032 ], [ 117.314816180661936, 42.408309620481738 ] ] ] } },
{ "type": "Feature", "properties": { "Grid_ID": 405, "Row": 17, "Col": 21, "Area_m2": 400.0, "Carbon_tha_24": 69.5092, "NDVI": 0.871, "NIRv": 0.2463 }, "geometry": { "type": "Polygon", "coordinates": [ [ [ 117.315059231470698, 42.408308952773659 ], [ 117.314816180661936, 42.408309620481738 ], [ 117.314817081323312, 42.408489738242032 ], [ 117.315060132827412, 42.408489070529761 ], [ 117.315059231470698, 42.408308952773659 ] ] ] } },
{ "type": "Feature", "properties": { "Grid_ID": 406, "Row": 17, "Col": 22, "Area_m2": 400.0, "Carbon_tha_24": 78.3131, "NDVI": 0.8568, "NIRv": 0.2393 }, "geometry": { "type": "Polygon", "coordinates": [ [ [ 117.315302282271205, 42.408308284550294 ], [ 117.315059231470698, 42.408308952773659 ], [ 117.315060132827412, 42.408489070529761 ], [ 117.315303184323227, 42.408488402302211 ], [ 117.315302282271205, 42.408308284550294 ] ] ] } },
{ "type": "Feature", "properties": { "Grid_ID": 407, "Row": 17, "Col": 23, "Area_m2": 400.0, "Carbon_tha_24": 61.292, "NDVI": 0.8502, "NIRv": 0.2377 }, "geometry": { "type": "Polygon", "coordinates": [ [ [ 117.315545333063454, 42.408307615811644 ], [ 117.315302282271205, 42.408308284550294 ], [ 117.315303184323227, 42.408488402302211 ], [ 117.3155462358108, 42.408487733559376 ], [ 117.315545333063454, 42.408307615811644 ] ] ] } },
{ "type": "Feature", "properties": { "Grid_ID": 408, "Row": 17, "Col": 24, "Area_m2": 400.0, "Carbon_tha_24": 57.3584, "NDVI": 0.8382, "NIRv": 0.23 }, "geometry": { "type": "Polygon", "coordinates": [ [ [ 117.315788383847419, 42.408306946557722 ], [ 117.315545333063454, 42.408307615811644 ], [ 117.3155462358108, 42.408487733559376 ], [ 117.315789287290087, 42.408487064301241 ], [ 117.315788383847419, 42.408306946557722 ] ] ] } },
{ "type": "Feature", "properties": { "Grid_ID": 409, "Row": 18, "Col": 1, "Area_m2": 400.0, "Carbon_tha_24": 49.3612, "NDVI": 0.8074, "NIRv": 0.2092 }, "geometry": { "type": "Polygon", "coordinates": [ [ [ 117.310197326292283, 42.408142091186058 ], [ 117.309954276014977, 42.408142748584304 ], [ 117.309955162761838, 42.408322866433359 ], [ 117.310198213734466, 42.408322209030992 ], [ 117.310197326292283, 42.408142091186058 ] ] ] } },
{ "type": "Feature", "properties": { "Grid_ID": 410, "Row": 18, "Col": 2, "Area_m2": 400.0, "Carbon_tha_24": 56.0116, "NDVI": 0.8328, "NIRv": 0.2282 }, "geometry": { "type": "Polygon", "coordinates": [ [ [ 117.310440376561459, 42.408141433272533 ], [ 117.310197326292283, 42.408142091186058 ], [ 117.310198213734466, 42.408322209030992 ], [ 117.310441264698966, 42.408321551113339 ], [ 117.310440376561459, 42.408141433272533 ] ] ] } },
{ "type": "Feature", "properties": { "Grid_ID": 411, "Row": 18, "Col": 3, "Area_m2": 400.0, "Carbon_tha_24": 44.4867, "NDVI": 0.8247, "NIRv": 0.2258 }, "geometry": { "type": "Polygon", "coordinates": [ [ [ 117.310683426822507, 42.408140774843716 ], [ 117.310440376561459, 42.408141433272533 ], [ 117.310441264698966, 42.408321551113339 ], [ 117.310684315655308, 42.408320892680401 ], [ 117.310683426822507, 42.408140774843716 ] ] ] } },
{ "type": "Feature", "properties": { "Grid_ID": 412, "Row": 18, "Col": 4, "Area_m2": 400.0, "Carbon_tha_24": 44.3799, "NDVI": 0.8325, "NIRv": 0.2178 }, "geometry": { "type": "Polygon", "coordinates": [ [ [ 117.310926477075398, 42.408140115899627 ], [ 117.310683426822507, 42.408140774843716 ], [ 117.310684315655308, 42.408320892680401 ], [ 117.310927366603508, 42.408320233732169 ], [ 117.310926477075398, 42.408140115899627 ] ] ] } },
{ "type": "Feature", "properties": { "Grid_ID": 413, "Row": 18, "Col": 5, "Area_m2": 400.0, "Carbon_tha_24": 48.6501, "NDVI": 0.8281, "NIRv": 0.2162 }, "geometry": { "type": "Polygon", "coordinates": [ [ [ 117.311169527320132, 42.408139456440253 ], [ 117.310926477075398, 42.408140115899627 ], [ 117.310927366603508, 42.408320233732169 ], [ 117.311170417543579, 42.408319574268667 ], [ 117.311169527320132, 42.408139456440253 ] ] ] } },
{ "type": "Feature", "properties": { "Grid_ID": 414, "Row": 18, "Col": 6, "Area_m2": 400.0, "Carbon_tha_24": 54.467, "NDVI": 0.8174, "NIRv": 0.2211 }, "geometry": { "type": "Polygon", "coordinates": [ [ [ 117.311412577556709, 42.4081387964656 ], [ 117.311169527320132, 42.408139456440253 ], [ 117.311170417543579, 42.408319574268667 ], [ 117.311413468475465, 42.408318914289865 ], [ 117.311412577556709, 42.4081387964656 ] ] ] } },
{ "type": "Feature", "properties": { "Grid_ID": 415, "Row": 18, "Col": 7, "Area_m2": 400.0, "Carbon_tha_24": 38.8319, "NDVI": 0.7932, "NIRv": 0.2145 }, "geometry": { "type": "Polygon", "coordinates": [ [ [ 117.311655627785143, 42.408138135975655 ], [ 117.311412577556709, 42.4081387964656 ], [ 117.311413468475465, 42.408318914289865 ], [ 117.311656519399193, 42.408318253795791 ], [ 117.311655627785143, 42.408138135975655 ] ] ] } },
{ "type": "Feature", "properties": { "Grid_ID": 416, "Row": 18, "Col": 8, "Area_m2": 400.0, "Carbon_tha_24": 35.1681, "NDVI": 0.8061, "NIRv": 0.2193 }, "geometry": { "type": "Polygon", "coordinates": [ [ [ 117.311898678005392, 42.408137474970445 ], [ 117.311655627785143, 42.408138135975655 ], [ 117.311656519399193, 42.408318253795791 ], [ 117.311899570314765, 42.408317592786418 ], [ 117.311898678005392, 42.408137474970445 ] ] ] } },
{ "type": "Feature", "properties": { "Grid_ID": 417, "Row": 18, "Col": 9, "Area_m2": 400.0, "Carbon_tha_24": 38.1366, "NDVI": 0.8193, "NIRv": 0.2197 }, "geometry": { "type": "Polygon", "coordinates": [ [ [ 117.312141728217455, 42.408136813449921 ], [ 117.311898678005392, 42.408137474970445 ], [ 117.311899570314765, 42.408317592786418 ], [ 117.312142621222151, 42.408316931261773 ], [ 117.312141728217455, 42.408136813449921 ] ] ] } },
{ "type": "Feature", "properties": { "Grid_ID": 418, "Row": 18, "Col": 10, "Area_m2": 400.0, "Carbon_tha_24": 52.6475, "NDVI": 0.819, "NIRv": 0.2256 }, "geometry": { "type": "Polygon", "coordinates": [ [ [ 117.312384778421361, 42.408136151414148 ], [ 117.312141728217455, 42.408136813449921 ], [ 117.312142621222151, 42.408316931261773 ], [ 117.312385672121351, 42.408316269221835 ], [ 117.312384778421361, 42.408136151414148 ] ] ] } },
{ "type": "Feature", "properties": { "Grid_ID": 419, "Row": 18, "Col": 11, "Area_m2": 400.0, "Carbon_tha_24": 47.4592, "NDVI": 0.8169, "NIRv": 0.2311 }, "geometry": { "type": "Polygon", "coordinates": [ [ [ 117.312627828617053, 42.408135488863074 ], [ 117.312384778421361, 42.408136151414148 ], [ 117.312385672121351, 42.408316269221835 ], [ 117.312628723012381, 42.408315606666605 ], [ 117.312627828617053, 42.408135488863074 ] ] ] } },
{ "type": "Feature", "properties": { "Grid_ID": 420, "Row": 18, "Col": 12, "Area_m2": 400.0, "Carbon_tha_24": 78.5115, "NDVI": 0.8384, "NIRv": 0.2342 }, "geometry": { "type": "Polygon", "coordinates": [ [ [ 117.31287087880456, 42.408134825796729 ], [ 117.312627828617053, 42.408135488863074 ], [ 117.312628723012381, 42.408315606666605 ], [ 117.312871773895196, 42.408314943596096 ], [ 117.31287087880456, 42.408134825796729 ] ] ] } },
{ "type": "Feature", "properties": { "Grid_ID": 421, "Row": 18, "Col": 13, "Area_m2": 400.0, "Carbon_tha_24": 65.3799, "NDVI": 0.8488, "NIRv": 0.2331 }, "geometry": { "type": "Polygon", "coordinates": [ [ [ 117.313113928983867, 42.408134162215084 ], [ 117.31287087880456, 42.408134825796729 ], [ 117.312871773895196, 42.408314943596096 ], [ 117.313114824769812, 42.408314280010295 ], [ 117.313113928983867, 42.408134162215084 ] ] ] } },
{ "type": "Feature", "properties": { "Grid_ID": 422, "Row": 18, "Col": 14, "Area_m2": 400.0, "Carbon_tha_24": 42.959, "NDVI": 0.8126, "NIRv": 0.2213 }, "geometry": { "type": "Polygon", "coordinates": [ [ [ 117.313356979154975, 42.408133498118168 ], [ 117.313113928983867, 42.408134162215084 ], [ 117.313114824769812, 42.408314280010295 ], [ 117.313357875636214, 42.408313615909222 ], [ 117.313356979154975, 42.408133498118168 ] ] ] } },
{ "type": "Feature", "properties": { "Grid_ID": 423, "Row": 18, "Col": 15, "Area_m2": 400.0, "Carbon_tha_24": 74.0796, "NDVI": 0.8368, "NIRv": 0.2253 }, "geometry": { "type": "Polygon", "coordinates": [ [ [ 117.31360002931784, 42.408132833505974 ], [ 117.313356979154975, 42.408133498118168 ], [ 117.313357875636214, 42.408313615909222 ], [ 117.313600926494402, 42.408312951292849 ], [ 117.31360002931784, 42.408132833505974 ] ] ] } },
{ "type": "Feature", "properties": { "Grid_ID": 424, "Row": 18, "Col": 16, "Area_m2": 400.0, "Carbon_tha_24": 83.2624, "NDVI": 0.8478, "NIRv": 0.2277 }, "geometry": { "type": "Polygon", "coordinates": [ [ [ 117.313843079472505, 42.408132168378486 ], [ 117.31360002931784, 42.408132833505974 ], [ 117.313600926494402, 42.408312951292849 ], [ 117.313843977344391, 42.408312286161205 ], [ 117.313843079472505, 42.408132168378486 ] ] ] } },
{ "type": "Feature", "properties": { "Grid_ID": 425, "Row": 18, "Col": 17, "Area_m2": 400.0, "Carbon_tha_24": 73.6146, "NDVI": 0.8513, "NIRv": 0.2342 }, "geometry": { "type": "Polygon", "coordinates": [ [ [ 117.314086129618929, 42.408131502735728 ], [ 117.313843079472505, 42.408132168378486 ], [ 117.313843977344391, 42.408312286161205 ], [ 117.314087028186137, 42.408311620514262 ], [ 117.314086129618929, 42.408131502735728 ] ] ] } },
{ "type": "Feature", "properties": { "Grid_ID": 426, "Row": 18, "Col": 18, "Area_m2": 400.0, "Carbon_tha_24": 82.9127, "NDVI": 0.8562, "NIRv": 0.2371 }, "geometry": { "type": "Polygon", "coordinates": [ [ [ 117.314329179757138, 42.408130836577683 ], [ 117.314086129618929, 42.408131502735728 ], [ 117.314087028186137, 42.408311620514262 ], [ 117.314330079019641, 42.408310954352039 ], [ 117.314329179757138, 42.408130836577683 ] ] ] } },
{ "type": "Feature", "properties": { "Grid_ID": 427, "Row": 18, "Col": 19, "Area_m2": 400.0, "Carbon_tha_24": 72.6493, "NDVI": 0.8608, "NIRv": 0.2373 }, "geometry": { "type": "Polygon", "coordinates": [ [ [ 117.314572229887105, 42.408130169904368 ], [ 117.314329179757138, 42.408130836577683 ], [ 117.314330079019641, 42.408310954352039 ], [ 117.314573129844916, 42.408310287674531 ], [ 117.314572229887105, 42.408130169904368 ] ] ] } },
{ "type": "Feature", "properties": { "Grid_ID": 428, "Row": 18, "Col": 20, "Area_m2": 400.0, "Carbon_tha_24": 87.9403, "NDVI": 0.8556, "NIRv": 0.2384 }, "geometry": { "type": "Polygon", "coordinates": [ [ [ 117.314815280008801, 42.408129502715759 ], [ 117.314572229887105, 42.408130169904368 ], [ 117.314573129844916, 42.408310287674531 ], [ 117.314816180661936, 42.408309620481738 ], [ 117.314815280008801, 42.408129502715759 ] ] ] } },
{ "type": "Feature", "properties": { "Grid_ID": 429, "Row": 18, "Col": 21, "Area_m2": 400.0, "Carbon_tha_24": 80.1095, "NDVI": 0.8553, "NIRv": 0.2367 }, "geometry": { "type": "Polygon", "coordinates": [ [ [ 117.315058330122241, 42.408128835011858 ], [ 117.314815280008801, 42.408129502715759 ], [ 117.314816180661936, 42.408309620481738 ], [ 117.315059231470698, 42.408308952773659 ], [ 117.315058330122241, 42.408128835011858 ] ] ] } },
{ "type": "Feature", "properties": { "Grid_ID": 430, "Row": 18, "Col": 22, "Area_m2": 400.0, "Carbon_tha_24": 92.2698, "NDVI": 0.8554, "NIRv": 0.244 }, "geometry": { "type": "Polygon", "coordinates": [ [ [ 117.315301380227453, 42.408128166792679 ], [ 117.315058330122241, 42.408128835011858 ], [ 117.315059231470698, 42.408308952773659 ], [ 117.315302282271205, 42.408308284550294 ], [ 117.315301380227453, 42.408128166792679 ] ] ] } },
{ "type": "Feature", "properties": { "Grid_ID": 431, "Row": 18, "Col": 23, "Area_m2": 400.0, "Carbon_tha_24": 49.5577, "NDVI": 0.8583, "NIRv": 0.232 }, "geometry": { "type": "Polygon", "coordinates": [ [ [ 117.31554443032438, 42.408127498058221 ], [ 117.315301380227453, 42.408128166792679 ], [ 117.315302282271205, 42.408308284550294 ], [ 117.315545333063454, 42.408307615811644 ], [ 117.31554443032438, 42.408127498058221 ] ] ] } },
{ "type": "Feature", "properties": { "Grid_ID": 432, "Row": 18, "Col": 24, "Area_m2": 400.0, "Carbon_tha_24": 55.9345, "NDVI": 0.8562, "NIRv": 0.2292 }, "geometry": { "type": "Polygon", "coordinates": [ [ [ 117.31578748041305, 42.408126828808498 ], [ 117.31554443032438, 42.408127498058221 ], [ 117.315545333063454, 42.408307615811644 ], [ 117.315788383847419, 42.408306946557722 ], [ 117.31578748041305, 42.408126828808498 ] ] ] } },
{ "type": "Feature", "properties": { "Grid_ID": 433, "Row": 19, "Col": 1, "Area_m2": 400.0, "Carbon_tha_24": 51.3195, "NDVI": 0.8259, "NIRv": 0.2211 }, "geometry": { "type": "Polygon", "coordinates": [ [ [ 117.310196438858242, 42.407961973335432 ], [ 117.309953389276259, 42.407962630729543 ], [ 117.309954276014977, 42.408142748584304 ], [ 117.310197326292283, 42.408142091186058 ], [ 117.310196438858242, 42.407961973335432 ] ] ] } },
{ "type": "Feature", "properties": { "Grid_ID": 434, "Row": 19, "Col": 2, "Area_m2": 400.0, "Carbon_tha_24": 31.3022, "NDVI": 0.8081, "NIRv": 0.2147 }, "geometry": { "type": "Polygon", "coordinates": [ [ [ 117.310439488432124, 42.407961315426036 ], [ 117.310196438858242, 42.407961973335432 ], [ 117.310197326292283, 42.408142091186058 ], [ 117.310440376561459, 42.408141433272533 ], [ 117.310439488432124, 42.407961315426036 ] ] ] } },
{ "type": "Feature", "properties": { "Grid_ID": 435, "Row": 19, "Col": 3, "Area_m2": 400.0, "Carbon_tha_24": 58.939, "NDVI": 0.8062, "NIRv": 0.2127 }, "geometry": { "type": "Polygon", "coordinates": [ [ [ 117.310682537997849, 42.407960657001347 ], [ 117.310439488432124, 42.407961315426036 ], [ 117.310440376561459, 42.408141433272533 ], [ 117.310683426822507, 42.408140774843716 ], [ 117.310682537997849, 42.407960657001347 ] ] ] } },
{ "type": "Feature", "properties": { "Grid_ID": 436, "Row": 19, "Col": 4, "Area_m2": 400.0, "Carbon_tha_24": 57.3647, "NDVI": 0.8183, "NIRv": 0.2174 }, "geometry": { "type": "Polygon", "coordinates": [ [ [ 117.310925587555417, 42.407959998061393 ], [ 117.310682537997849, 42.407960657001347 ], [ 117.310683426822507, 42.408140774843716 ], [ 117.310926477075398, 42.408140115899627 ], [ 117.310925587555417, 42.407959998061393 ] ] ] } },
{ "type": "Feature", "properties": { "Grid_ID": 437, "Row": 19, "Col": 5, "Area_m2": 400.0, "Carbon_tha_24": 68.8327, "NDVI": 0.8271, "NIRv": 0.2276 }, "geometry": { "type": "Polygon", "coordinates": [ [ [ 117.311168637104871, 42.407959338606148 ], [ 117.310925587555417, 42.407959998061393 ], [ 117.310926477075398, 42.408140115899627 ], [ 117.311169527320132, 42.408139456440253 ], [ 117.311168637104871, 42.407959338606148 ] ] ] } },
{ "type": "Feature", "properties": { "Grid_ID": 438, "Row": 19, "Col": 6, "Area_m2": 400.0, "Carbon_tha_24": 45.9614, "NDVI": 0.8243, "NIRv": 0.2219 }, "geometry": { "type": "Polygon", "coordinates": [ [ [ 117.311411686646153, 42.40795867863563 ], [ 117.311168637104871, 42.407959338606148 ], [ 117.311169527320132, 42.408139456440253 ], [ 117.311412577556709, 42.4081387964656 ], [ 117.311411686646153, 42.40795867863563 ] ] ] } },
{ "type": "Feature", "properties": { "Grid_ID": 439, "Row": 19, "Col": 7, "Area_m2": 400.0, "Carbon_tha_24": 54.0278, "NDVI": 0.8115, "NIRv": 0.2147 }, "geometry": { "type": "Polygon", "coordinates": [ [ [ 117.311654736179264, 42.407958018149834 ], [ 117.311411686646153, 42.40795867863563 ], [ 117.311412577556709, 42.4081387964656 ], [ 117.311655627785143, 42.408138135975655 ], [ 117.311654736179264, 42.407958018149834 ] ] ] } },
{ "type": "Feature", "properties": { "Grid_ID": 440, "Row": 19, "Col": 8, "Area_m2": 400.0, "Carbon_tha_24": 46.0783, "NDVI": 0.8174, "NIRv": 0.2169 }, "geometry": { "type": "Polygon", "coordinates": [ [ [ 117.311897785704204, 42.40795735714876 ], [ 117.311654736179264, 42.407958018149834 ], [ 117.311655627785143, 42.408138135975655 ], [ 117.311898678005392, 42.408137474970445 ], [ 117.311897785704204, 42.40795735714876 ] ] ] } },
{ "type": "Feature", "properties": { "Grid_ID": 441, "Row": 19, "Col": 9, "Area_m2": 400.0, "Carbon_tha_24": 67.8116, "NDVI": 0.8325, "NIRv": 0.2226 }, "geometry": { "type": "Polygon", "coordinates": [ [ [ 117.312140835220958, 42.407956695632393 ], [ 117.311897785704204, 42.40795735714876 ], [ 117.311898678005392, 42.408137474970445 ], [ 117.312141728217455, 42.408136813449921 ], [ 117.312140835220958, 42.407956695632393 ] ] ] } },
{ "type": "Feature", "properties": { "Grid_ID": 442, "Row": 19, "Col": 10, "Area_m2": 400.0, "Carbon_tha_24": 61.228, "NDVI": 0.8122, "NIRv": 0.2116 }, "geometry": { "type": "Polygon", "coordinates": [ [ [ 117.312383884729542, 42.407956033600762 ], [ 117.312140835220958, 42.407956695632393 ], [ 117.312141728217455, 42.408136813449921 ], [ 117.312384778421361, 42.408136151414148 ], [ 117.312383884729542, 42.407956033600762 ] ] ] } },
{ "type": "Feature", "properties": { "Grid_ID": 443, "Row": 19, "Col": 11, "Area_m2": 400.0, "Carbon_tha_24": 44.0576, "NDVI": 0.7953, "NIRv": 0.2227 }, "geometry": { "type": "Polygon", "coordinates": [ [ [ 117.312626934229925, 42.407955371053845 ], [ 117.312383884729542, 42.407956033600762 ], [ 117.312384778421361, 42.408136151414148 ], [ 117.312627828617053, 42.408135488863074 ], [ 117.312626934229925, 42.407955371053845 ] ] ] } },
{ "type": "Feature", "properties": { "Grid_ID": 444, "Row": 19, "Col": 12, "Area_m2": 400.0, "Carbon_tha_24": 23.0818, "NDVI": 0.7717, "NIRv": 0.223 }, "geometry": { "type": "Polygon", "coordinates": [ [ [ 117.312869983722123, 42.407954707991657 ], [ 117.312626934229925, 42.407955371053845 ], [ 117.312627828617053, 42.408135488863074 ], [ 117.31287087880456, 42.408134825796729 ], [ 117.312869983722123, 42.407954707991657 ] ] ] } },
{ "type": "Feature", "properties": { "Grid_ID": 445, "Row": 19, "Col": 13, "Area_m2": 400.0, "Carbon_tha_24": 50.8154, "NDVI": 0.8107, "NIRv": 0.2397 }, "geometry": { "type": "Polygon", "coordinates": [ [ [ 117.313113033206136, 42.407954044414176 ], [ 117.312869983722123, 42.407954707991657 ], [ 117.31287087880456, 42.408134825796729 ], [ 117.313113928983867, 42.408134162215084 ], [ 117.313113033206136, 42.407954044414176 ] ] ] } },
{ "type": "Feature", "properties": { "Grid_ID": 446, "Row": 19, "Col": 14, "Area_m2": 400.0, "Carbon_tha_24": 63.5088, "NDVI": 0.8507, "NIRv": 0.2358 }, "geometry": { "type": "Polygon", "coordinates": [ [ [ 117.313356082681921, 42.407953380321437 ], [ 117.313113033206136, 42.407954044414176 ], [ 117.313113928983867, 42.408134162215084 ], [ 117.313356979154975, 42.408133498118168 ], [ 117.313356082681921, 42.407953380321437 ] ] ] } },
{ "type": "Feature", "properties": { "Grid_ID": 447, "Row": 19, "Col": 15, "Area_m2": 400.0, "Carbon_tha_24": 76.2695, "NDVI": 0.8498, "NIRv": 0.2345 }, "geometry": { "type": "Polygon", "coordinates": [ [ [ 117.313599132149491, 42.4079527157134 ], [ 117.313356082681921, 42.407953380321437 ], [ 117.313356979154975, 42.408133498118168 ], [ 117.31360002931784, 42.408132833505974 ], [ 117.313599132149491, 42.4079527157134 ] ] ] } },
{ "type": "Feature", "properties": { "Grid_ID": 448, "Row": 19, "Col": 16, "Area_m2": 400.0, "Carbon_tha_24": 59.9729, "NDVI": 0.8482, "NIRv": 0.2288 }, "geometry": { "type": "Polygon", "coordinates": [ [ [ 117.313842181608834, 42.407952050590083 ], [ 117.313599132149491, 42.4079527157134 ], [ 117.31360002931784, 42.408132833505974 ], [ 117.313843079472505, 42.408132168378486 ], [ 117.313842181608834, 42.407952050590083 ] ] ] } },
{ "type": "Feature", "properties": { "Grid_ID": 449, "Row": 19, "Col": 17, "Area_m2": 400.0, "Carbon_tha_24": 67.682, "NDVI": 0.8572, "NIRv": 0.2359 }, "geometry": { "type": "Polygon", "coordinates": [ [ [ 117.314085231059977, 42.407951384951502 ], [ 117.313842181608834, 42.407952050590083 ], [ 117.313843079472505, 42.408132168378486 ], [ 117.314086129618929, 42.408131502735728 ], [ 117.314085231059977, 42.407951384951502 ] ] ] } },
{ "type": "Feature", "properties": { "Grid_ID": 450, "Row": 19, "Col": 18, "Area_m2": 400.0, "Carbon_tha_24": 59.2603, "NDVI": 0.8654, "NIRv": 0.2396 }, "geometry": { "type": "Polygon", "coordinates": [ [ [ 117.314328280502863, 42.407950718797636 ], [ 117.314085231059977, 42.407951384951502 ], [ 117.314086129618929, 42.408131502735728 ], [ 117.314329179757138, 42.408130836577683 ], [ 117.314328280502863, 42.407950718797636 ] ] ] } },
{ "type": "Feature", "properties": { "Grid_ID": 451, "Row": 19, "Col": 19, "Area_m2": 400.0, "Carbon_tha_24": 61.3895, "NDVI": 0.8619, "NIRv": 0.2399 }, "geometry": { "type": "Polygon", "coordinates": [ [ [ 117.314571329937522, 42.407950052128498 ], [ 117.314328280502863, 42.407950718797636 ], [ 117.314329179757138, 42.408130836577683 ], [ 117.314572229887105, 42.408130169904368 ], [ 117.314571329937522, 42.407950052128498 ] ] ] } },
{ "type": "Feature", "properties": { "Grid_ID": 452, "Row": 19, "Col": 20, "Area_m2": 400.0, "Carbon_tha_24": 53.8405, "NDVI": 0.8598, "NIRv": 0.2408 }, "geometry": { "type": "Polygon", "coordinates": [ [ [ 117.314814379363924, 42.407949384944054 ], [ 117.314571329937522, 42.407950052128498 ], [ 117.314572229887105, 42.408130169904368 ], [ 117.314815280008801, 42.408129502715759 ], [ 117.314814379363924, 42.407949384944054 ] ] ] } },
{ "type": "Feature", "properties": { "Grid_ID": 453, "Row": 19, "Col": 21, "Area_m2": 400.0, "Carbon_tha_24": 77.0794, "NDVI": 0.8572, "NIRv": 0.2433 }, "geometry": { "type": "Polygon", "coordinates": [ [ [ 117.315057428782083, 42.407948717244359 ], [ 117.314814379363924, 42.407949384944054 ], [ 117.314815280008801, 42.408129502715759 ], [ 117.315058330122241, 42.408128835011858 ], [ 117.315057428782083, 42.407948717244359 ] ] ] } },
{ "type": "Feature", "properties": { "Grid_ID": 454, "Row": 19, "Col": 22, "Area_m2": 400.0, "Carbon_tha_24": 69.9991, "NDVI": 0.8631, "NIRv": 0.2487 }, "geometry": { "type": "Polygon", "coordinates": [ [ [ 117.315300478191958, 42.407948049029372 ], [ 117.315057428782083, 42.407948717244359 ], [ 117.315058330122241, 42.408128835011858 ], [ 117.315301380227453, 42.408128166792679 ], [ 117.315300478191958, 42.407948049029372 ] ] ] } },
{ "type": "Feature", "properties": { "Grid_ID": 455, "Row": 19, "Col": 23, "Area_m2": 400.0, "Carbon_tha_24": 84.7551, "NDVI": 0.8584, "NIRv": 0.2362 }, "geometry": { "type": "Polygon", "coordinates": [ [ [ 117.315543527593576, 42.407947380299106 ], [ 117.315300478191958, 42.407948049029372 ], [ 117.315301380227453, 42.408128166792679 ], [ 117.31554443032438, 42.408127498058221 ], [ 117.315543527593576, 42.407947380299106 ] ] ] } },
{ "type": "Feature", "properties": { "Grid_ID": 456, "Row": 19, "Col": 24, "Area_m2": 400.0, "Carbon_tha_24": 80.5065, "NDVI": 0.8514, "NIRv": 0.2306 }, "geometry": { "type": "Polygon", "coordinates": [ [ [ 117.315786576986952, 42.407946711053576 ], [ 117.315543527593576, 42.407947380299106 ], [ 117.31554443032438, 42.408127498058221 ], [ 117.31578748041305, 42.408126828808498 ], [ 117.315786576986952, 42.407946711053576 ] ] ] } },
{ "type": "Feature", "properties": { "Grid_ID": 457, "Row": 20, "Col": 1, "Area_m2": 400.0, "Carbon_tha_24": 65.4976, "NDVI": 0.8159, "NIRv": 0.2204 }, "geometry": { "type": "Polygon", "coordinates": [ [ [ 117.310195551432344, 42.407781855479108 ], [ 117.309952502545627, 42.407782512869112 ], [ 117.309953389276259, 42.407962630729543 ], [ 117.310196438858242, 42.407961973335432 ], [ 117.310195551432344, 42.407781855479108 ] ] ] } },
{ "type": "Feature", "properties": { "Grid_ID": 458, "Row": 20, "Col": 2, "Area_m2": 400.0, "Carbon_tha_24": 54.3384, "NDVI": 0.8325, "NIRv": 0.2263 }, "geometry": { "type": "Polygon", "coordinates": [ [ [ 117.310438600310903, 42.40778119757384 ], [ 117.310195551432344, 42.407781855479108 ], [ 117.310196438858242, 42.407961973335432 ], [ 117.310439488432124, 42.407961315426036 ], [ 117.310438600310903, 42.40778119757384 ] ] ] } },
{ "type": "Feature", "properties": { "Grid_ID": 459, "Row": 20, "Col": 3, "Area_m2": 400.0, "Carbon_tha_24": 49.9939, "NDVI": 0.8261, "NIRv": 0.2269 }, "geometry": { "type": "Polygon", "coordinates": [ [ [ 117.310681649181333, 42.407780539153286 ], [ 117.310438600310903, 42.40778119757384 ], [ 117.310439488432124, 42.407961315426036 ], [ 117.310682537997849, 42.407960657001347 ], [ 117.310681649181333, 42.407780539153286 ] ] ] } },
{ "type": "Feature", "properties": { "Grid_ID": 460, "Row": 20, "Col": 4, "Area_m2": 400.0, "Carbon_tha_24": 59.534, "NDVI": 0.8114, "NIRv": 0.2216 }, "geometry": { "type": "Polygon", "coordinates": [ [ [ 117.310924698043607, 42.407779880217447 ], [ 117.310681649181333, 42.407780539153286 ], [ 117.310682537997849, 42.407960657001347 ], [ 117.310925587555417, 42.407959998061393 ], [ 117.310924698043607, 42.407779880217447 ] ] ] } },
{ "type": "Feature", "properties": { "Grid_ID": 461, "Row": 20, "Col": 5, "Area_m2": 400.0, "Carbon_tha_24": 48.1027, "NDVI": 0.7387, "NIRv": 0.2061 }, "geometry": { "type": "Polygon", "coordinates": [ [ [ 117.311167746897738, 42.407779220766358 ], [ 117.310924698043607, 42.407779880217447 ], [ 117.310925587555417, 42.407959998061393 ], [ 117.311168637104871, 42.407959338606148 ], [ 117.311167746897738, 42.407779220766358 ] ] ] } },
{ "type": "Feature", "properties": { "Grid_ID": 462, "Row": 20, "Col": 6, "Area_m2": 400.0, "Carbon_tha_24": 30.0381, "NDVI": 0.6965, "NIRv": 0.1986 }, "geometry": { "type": "Polygon", "coordinates": [ [ [ 117.311410795743726, 42.407778560799976 ], [ 117.311167746897738, 42.407779220766358 ], [ 117.311168637104871, 42.407959338606148 ], [ 117.311411686646153, 42.40795867863563 ], [ 117.311410795743726, 42.407778560799976 ] ] ] } },
{ "type": "Feature", "properties": { "Grid_ID": 463, "Row": 20, "Col": 7, "Area_m2": 400.0, "Carbon_tha_24": 30.5055, "NDVI": 0.746, "NIRv": 0.2099 }, "geometry": { "type": "Polygon", "coordinates": [ [ [ 117.311653844581542, 42.407777900318315 ], [ 117.311410795743726, 42.407778560799976 ], [ 117.311411686646153, 42.40795867863563 ], [ 117.311654736179264, 42.407958018149834 ], [ 117.311653844581542, 42.407777900318315 ] ] ] } },
{ "type": "Feature", "properties": { "Grid_ID": 464, "Row": 20, "Col": 8, "Area_m2": 400.0, "Carbon_tha_24": 25.4175, "NDVI": 0.7382, "NIRv": 0.2028 }, "geometry": { "type": "Polygon", "coordinates": [ [ [ 117.311896893411159, 42.407777239321383 ], [ 117.311653844581542, 42.407777900318315 ], [ 117.311654736179264, 42.407958018149834 ], [ 117.311897785704204, 42.40795735714876 ], [ 117.311896893411159, 42.407777239321383 ] ] ] } },
{ "type": "Feature", "properties": { "Grid_ID": 465, "Row": 20, "Col": 9, "Area_m2": 400.0, "Carbon_tha_24": 55.1742, "NDVI": 0.785, "NIRv": 0.21 }, "geometry": { "type": "Polygon", "coordinates": [ [ [ 117.312139942232648, 42.407776577809173 ], [ 117.311896893411159, 42.407777239321383 ], [ 117.311897785704204, 42.40795735714876 ], [ 117.312140835220958, 42.407956695632393 ], [ 117.312139942232648, 42.407776577809173 ] ] ] } },
{ "type": "Feature", "properties": { "Grid_ID": 466, "Row": 20, "Col": 10, "Area_m2": 400.0, "Carbon_tha_24": 32.462, "NDVI": 0.6936, "NIRv": 0.1908 }, "geometry": { "type": "Polygon", "coordinates": [ [ [ 117.312382991045908, 42.407775915781698 ], [ 117.312139942232648, 42.407776577809173 ], [ 117.312140835220958, 42.407956695632393 ], [ 117.312383884729542, 42.407956033600762 ], [ 117.312382991045908, 42.407775915781698 ] ] ] } },
{ "type": "Feature", "properties": { "Grid_ID": 467, "Row": 20, "Col": 11, "Area_m2": 400.0, "Carbon_tha_24": 59.8997, "NDVI": 0.7882, "NIRv": 0.2026 }, "geometry": { "type": "Polygon", "coordinates": [ [ [ 117.312626039851011, 42.407775253238924 ], [ 117.312382991045908, 42.407775915781698 ], [ 117.312383884729542, 42.407956033600762 ], [ 117.312626934229925, 42.407955371053845 ], [ 117.312626039851011, 42.407775253238924 ] ] ] } },
{ "type": "Feature", "properties": { "Grid_ID": 468, "Row": 20, "Col": 12, "Area_m2": 400.0, "Carbon_tha_24": 58.0011, "NDVI": 0.7971, "NIRv": 0.2125 }, "geometry": { "type": "Polygon", "coordinates": [ [ [ 117.312869088647915, 42.407774590180892 ], [ 117.312626039851011, 42.407775253238924 ], [ 117.312626934229925, 42.407955371053845 ], [ 117.312869983722123, 42.407954707991657 ], [ 117.312869088647915, 42.407774590180892 ] ] ] } },
{ "type": "Feature", "properties": { "Grid_ID": 469, "Row": 20, "Col": 13, "Area_m2": 400.0, "Carbon_tha_24": 20.7043, "NDVI": 0.7846, "NIRv": 0.2245 }, "geometry": { "type": "Polygon", "coordinates": [ [ [ 117.313112137436605, 42.407773926607582 ], [ 117.312869088647915, 42.407774590180892 ], [ 117.312869983722123, 42.407954707991657 ], [ 117.313113033206136, 42.407954044414176 ], [ 117.313112137436605, 42.407773926607582 ] ] ] } },
{ "type": "Feature", "properties": { "Grid_ID": 470, "Row": 20, "Col": 14, "Area_m2": 400.0, "Carbon_tha_24": 24.8619, "NDVI": 0.7864, "NIRv": 0.2195 }, "geometry": { "type": "Polygon", "coordinates": [ [ [ 117.313355186217095, 42.407773262518994 ], [ 117.313112137436605, 42.407773926607582 ], [ 117.313113033206136, 42.407954044414176 ], [ 117.313356082681921, 42.407953380321437 ], [ 117.313355186217095, 42.407773262518994 ] ] ] } },
{ "type": "Feature", "properties": { "Grid_ID": 471, "Row": 20, "Col": 15, "Area_m2": 400.0, "Carbon_tha_24": 65.0651, "NDVI": 0.8466, "NIRv": 0.2361 }, "geometry": { "type": "Polygon", "coordinates": [ [ [ 117.313598234989357, 42.407772597915127 ], [ 117.313355186217095, 42.407773262518994 ], [ 117.313356082681921, 42.407953380321437 ], [ 117.313599132149491, 42.4079527157134 ], [ 117.313598234989357, 42.407772597915127 ] ] ] } },
{ "type": "Feature", "properties": { "Grid_ID": 472, "Row": 20, "Col": 16, "Area_m2": 400.0, "Carbon_tha_24": 71.7191, "NDVI": 0.8588, "NIRv": 0.2415 }, "geometry": { "type": "Polygon", "coordinates": [ [ [ 117.313841283753419, 42.407771932795988 ], [ 117.313598234989357, 42.407772597915127 ], [ 117.313599132149491, 42.4079527157134 ], [ 117.313842181608834, 42.407952050590083 ], [ 117.313841283753419, 42.407771932795988 ] ] ] } },
{ "type": "Feature", "properties": { "Grid_ID": 473, "Row": 20, "Col": 17, "Area_m2": 400.0, "Carbon_tha_24": 82.0432, "NDVI": 0.8585, "NIRv": 0.2401 }, "geometry": { "type": "Polygon", "coordinates": [ [ [ 117.314084332509253, 42.407771267161579 ], [ 117.313841283753419, 42.407771932795988 ], [ 117.313842181608834, 42.407952050590083 ], [ 117.314085231059977, 42.407951384951502 ], [ 117.314084332509253, 42.407771267161579 ] ] ] } },
{ "type": "Feature", "properties": { "Grid_ID": 474, "Row": 20, "Col": 18, "Area_m2": 400.0, "Carbon_tha_24": 84.7022, "NDVI": 0.8583, "NIRv": 0.2387 }, "geometry": { "type": "Polygon", "coordinates": [ [ [ 117.314327381256845, 42.40777060101189 ], [ 117.314084332509253, 42.407771267161579 ], [ 117.314085231059977, 42.407951384951502 ], [ 117.314328280502863, 42.407950718797636 ], [ 117.314327381256845, 42.40777060101189 ] ] ] } },
{ "type": "Feature", "properties": { "Grid_ID": 475, "Row": 20, "Col": 19, "Area_m2": 400.0, "Carbon_tha_24": 82.9304, "NDVI": 0.8477, "NIRv": 0.2361 }, "geometry": { "type": "Polygon", "coordinates": [ [ [ 117.314570429996195, 42.407769934346931 ], [ 117.314327381256845, 42.40777060101189 ], [ 117.314328280502863, 42.407950718797636 ], [ 117.314571329937522, 42.407950052128498 ], [ 117.314570429996195, 42.407769934346931 ] ] ] } },
{ "type": "Feature", "properties": { "Grid_ID": 476, "Row": 20, "Col": 20, "Area_m2": 400.0, "Carbon_tha_24": 87.7554, "NDVI": 0.8554, "NIRv": 0.2323 }, "geometry": { "type": "Polygon", "coordinates": [ [ [ 117.314813478727302, 42.407769267166678 ], [ 117.314570429996195, 42.407769934346931 ], [ 117.314571329937522, 42.407950052128498 ], [ 117.314814379363924, 42.407949384944054 ], [ 117.314813478727302, 42.407769267166678 ] ] ] } },
{ "type": "Feature", "properties": { "Grid_ID": 477, "Row": 20, "Col": 21, "Area_m2": 400.0, "Carbon_tha_24": 81.2084, "NDVI": 0.8599, "NIRv": 0.24 }, "geometry": { "type": "Polygon", "coordinates": [ [ [ 117.315056527450139, 42.407768599471162 ], [ 117.314813478727302, 42.407769267166678 ], [ 117.314814379363924, 42.407949384944054 ], [ 117.315057428782083, 42.407948717244359 ], [ 117.315056527450139, 42.407768599471162 ] ] ] } },
{ "type": "Feature", "properties": { "Grid_ID": 478, "Row": 20, "Col": 22, "Area_m2": 400.0, "Carbon_tha_24": 61.0385, "NDVI": 0.8617, "NIRv": 0.2442 }, "geometry": { "type": "Polygon", "coordinates": [ [ [ 117.315299576164719, 42.407767931260373 ], [ 117.315056527450139, 42.407768599471162 ], [ 117.315057428782083, 42.407948717244359 ], [ 117.315300478191958, 42.407948049029372 ], [ 117.315299576164719, 42.407767931260373 ] ] ] } },
{ "type": "Feature", "properties": { "Grid_ID": 479, "Row": 20, "Col": 23, "Area_m2": 400.0, "Carbon_tha_24": 65.9797, "NDVI": 0.864, "NIRv": 0.2446 }, "geometry": { "type": "Polygon", "coordinates": [ [ [ 117.315542624871071, 42.4077672625343 ], [ 117.315299576164719, 42.407767931260373 ], [ 117.315300478191958, 42.407948049029372 ], [ 117.315543527593576, 42.407947380299106 ], [ 117.315542624871071, 42.4077672625343 ] ] ] } },
{ "type": "Feature", "properties": { "Grid_ID": 480, "Row": 20, "Col": 24, "Area_m2": 400.0, "Carbon_tha_24": 73.2607, "NDVI": 0.8559, "NIRv": 0.2456 }, "geometry": { "type": "Polygon", "coordinates": [ [ [ 117.315785673569124, 42.407766593292962 ], [ 117.315542624871071, 42.4077672625343 ], [ 117.315543527593576, 42.407947380299106 ], [ 117.315786576986952, 42.407946711053576 ], [ 117.315785673569124, 42.407766593292962 ] ] ] } },
{ "type": "Feature", "properties": { "Grid_ID": 481, "Row": 21, "Col": 1, "Area_m2": 400.0, "Carbon_tha_24": 46.1489, "NDVI": 0.7847, "NIRv": 0.2021 }, "geometry": { "type": "Polygon", "coordinates": [ [ [ 117.31019466401456, 42.407601737617085 ], [ 117.309951615823167, 42.407602395002968 ], [ 117.309952502545627, 42.407782512869112 ], [ 117.310195551432344, 42.407781855479108 ], [ 117.31019466401456, 42.407601737617085 ] ] ] } },
{ "type": "Feature", "properties": { "Grid_ID": 482, "Row": 21, "Col": 2, "Area_m2": 400.0, "Carbon_tha_24": 41.6945, "NDVI": 0.8173, "NIRv": 0.2154 }, "geometry": { "type": "Polygon", "coordinates": [ [ [ 117.310437712197825, 42.407601079715938 ], [ 117.31019466401456, 42.407601737617085 ], [ 117.310195551432344, 42.407781855479108 ], [ 117.310438600310903, 42.40778119757384 ], [ 117.310437712197825, 42.407601079715938 ] ] ] } },
{ "type": "Feature", "properties": { "Grid_ID": 483, "Row": 21, "Col": 3, "Area_m2": 400.0, "Carbon_tha_24": 45.5405, "NDVI": 0.8076, "NIRv": 0.2253 }, "geometry": { "type": "Polygon", "coordinates": [ [ [ 117.310680760372961, 42.407600421299513 ], [ 117.310437712197825, 42.407601079715938 ], [ 117.310438600310903, 42.40778119757384 ], [ 117.310681649181333, 42.407780539153286 ], [ 117.310680760372961, 42.407600421299513 ] ] ] } },
{ "type": "Feature", "properties": { "Grid_ID": 484, "Row": 21, "Col": 4, "Area_m2": 400.0, "Carbon_tha_24": 37.8497, "NDVI": 0.7915, "NIRv": 0.2244 }, "geometry": { "type": "Polygon", "coordinates": [ [ [ 117.31092380853994, 42.407599762367816 ], [ 117.310680760372961, 42.407600421299513 ], [ 117.310681649181333, 42.407780539153286 ], [ 117.310924698043607, 42.407779880217447 ], [ 117.31092380853994, 42.407599762367816 ] ] ] } },
{ "type": "Feature", "properties": { "Grid_ID": 485, "Row": 21, "Col": 5, "Area_m2": 400.0, "Carbon_tha_24": 18.7173, "NDVI": 0.659, "NIRv": 0.1879 }, "geometry": { "type": "Polygon", "coordinates": [ [ [ 117.311166856698776, 42.407599102920855 ], [ 117.31092380853994, 42.407599762367816 ], [ 117.310924698043607, 42.407779880217447 ], [ 117.311167746897738, 42.407779220766358 ], [ 117.311166856698776, 42.407599102920855 ] ] ] } },
{ "type": "Feature", "properties": { "Grid_ID": 486, "Row": 21, "Col": 6, "Area_m2": 400.0, "Carbon_tha_24": 0.0, "NDVI": 0.6513, "NIRv": 0.1906 }, "geometry": { "type": "Polygon", "coordinates": [ [ [ 117.311409904849469, 42.407598442958616 ], [ 117.311166856698776, 42.407599102920855 ], [ 117.311167746897738, 42.407779220766358 ], [ 117.311410795743726, 42.407778560799976 ], [ 117.311409904849469, 42.407598442958616 ] ] ] } },
{ "type": "Feature", "properties": { "Grid_ID": 487, "Row": 21, "Col": 7, "Area_m2": 400.0, "Carbon_tha_24": 7.2782, "NDVI": 0.7378, "NIRv": 0.2011 }, "geometry": { "type": "Polygon", "coordinates": [ [ [ 117.311652952991992, 42.407597782481098 ], [ 117.311409904849469, 42.407598442958616 ], [ 117.311410795743726, 42.407778560799976 ], [ 117.311653844581542, 42.407777900318315 ], [ 117.311652952991992, 42.407597782481098 ] ] ] } },
{ "type": "Feature", "properties": { "Grid_ID": 488, "Row": 21, "Col": 8, "Area_m2": 400.0, "Carbon_tha_24": 16.4789, "NDVI": 0.748, "NIRv": 0.1967 }, "geometry": { "type": "Polygon", "coordinates": [ [ [ 117.311896001126314, 42.407597121488315 ], [ 117.311652952991992, 42.407597782481098 ], [ 117.311653844581542, 42.407777900318315 ], [ 117.311896893411159, 42.407777239321383 ], [ 117.311896001126314, 42.407597121488315 ] ] ] } },
{ "type": "Feature", "properties": { "Grid_ID": 489, "Row": 21, "Col": 9, "Area_m2": 400.0, "Carbon_tha_24": 33.3229, "NDVI": 0.7436, "NIRv": 0.1893 }, "geometry": { "type": "Polygon", "coordinates": [ [ [ 117.312139049252508, 42.407596459980248 ], [ 117.311896001126314, 42.407597121488315 ], [ 117.311896893411159, 42.407777239321383 ], [ 117.312139942232648, 42.407776577809173 ], [ 117.312139049252508, 42.407596459980248 ] ] ] } },
{ "type": "Feature", "properties": { "Grid_ID": 490, "Row": 21, "Col": 10, "Area_m2": 400.0, "Carbon_tha_24": 28.9052, "NDVI": 0.7489, "NIRv": 0.1884 }, "geometry": { "type": "Polygon", "coordinates": [ [ [ 117.312382097370474, 42.407595797956915 ], [ 117.312139049252508, 42.407596459980248 ], [ 117.312139942232648, 42.407776577809173 ], [ 117.312382991045908, 42.407775915781698 ], [ 117.312382097370474, 42.407595797956915 ] ] ] } },
{ "type": "Feature", "properties": { "Grid_ID": 491, "Row": 21, "Col": 11, "Area_m2": 400.0, "Carbon_tha_24": 40.5734, "NDVI": 0.7914, "NIRv": 0.1934 }, "geometry": { "type": "Polygon", "coordinates": [ [ [ 117.312625145480283, 42.407595135418312 ], [ 117.312382097370474, 42.407595797956915 ], [ 117.312382991045908, 42.407775915781698 ], [ 117.312626039851011, 42.407775253238924 ], [ 117.312625145480283, 42.407595135418312 ] ] ] } },
{ "type": "Feature", "properties": { "Grid_ID": 492, "Row": 21, "Col": 12, "Area_m2": 400.0, "Carbon_tha_24": 46.6127, "NDVI": 0.7924, "NIRv": 0.2014 }, "geometry": { "type": "Polygon", "coordinates": [ [ [ 117.312868193581892, 42.407594472364444 ], [ 117.312625145480283, 42.407595135418312 ], [ 117.312626039851011, 42.407775253238924 ], [ 117.312869088647915, 42.407774590180892 ], [ 117.312868193581892, 42.407594472364444 ] ] ] } },
{ "type": "Feature", "properties": { "Grid_ID": 493, "Row": 21, "Col": 13, "Area_m2": 400.0, "Carbon_tha_24": 55.9463, "NDVI": 0.8105, "NIRv": 0.2167 }, "geometry": { "type": "Polygon", "coordinates": [ [ [ 117.313111241675301, 42.407593808795276 ], [ 117.312868193581892, 42.407594472364444 ], [ 117.312869088647915, 42.407774590180892 ], [ 117.313112137436605, 42.407773926607582 ], [ 117.313111241675301, 42.407593808795276 ] ] ] } },
{ "type": "Feature", "properties": { "Grid_ID": 494, "Row": 21, "Col": 14, "Area_m2": 400.0, "Carbon_tha_24": 37.7027, "NDVI": 0.822, "NIRv": 0.2198 }, "geometry": { "type": "Polygon", "coordinates": [ [ [ 117.313354289760483, 42.407593144710866 ], [ 117.313111241675301, 42.407593808795276 ], [ 117.313112137436605, 42.407773926607582 ], [ 117.313355186217095, 42.407773262518994 ], [ 117.313354289760483, 42.407593144710866 ] ] ] } },
{ "type": "Feature", "properties": { "Grid_ID": 495, "Row": 21, "Col": 15, "Area_m2": 400.0, "Carbon_tha_24": 46.6559, "NDVI": 0.8448, "NIRv": 0.2245 }, "geometry": { "type": "Polygon", "coordinates": [ [ [ 117.31359733783745, 42.407592480111163 ], [ 117.313354289760483, 42.407593144710866 ], [ 117.313355186217095, 42.407773262518994 ], [ 117.313598234989357, 42.407772597915127 ], [ 117.31359733783745, 42.407592480111163 ] ] ] } },
{ "type": "Feature", "properties": { "Grid_ID": 496, "Row": 21, "Col": 16, "Area_m2": 400.0, "Carbon_tha_24": 45.0903, "NDVI": 0.8518, "NIRv": 0.235 }, "geometry": { "type": "Polygon", "coordinates": [ [ [ 117.313840385906218, 42.407591814996195 ], [ 117.31359733783745, 42.407592480111163 ], [ 117.313598234989357, 42.407772597915127 ], [ 117.313841283753419, 42.407771932795988 ], [ 117.313840385906218, 42.407591814996195 ] ] ] } },
{ "type": "Feature", "properties": { "Grid_ID": 497, "Row": 21, "Col": 17, "Area_m2": 400.0, "Carbon_tha_24": 68.9698, "NDVI": 0.8491, "NIRv": 0.2347 }, "geometry": { "type": "Polygon", "coordinates": [ [ [ 117.314083433966758, 42.407591149365956 ], [ 117.313840385906218, 42.407591814996195 ], [ 117.313841283753419, 42.407771932795988 ], [ 117.314084332509253, 42.407771267161579 ], [ 117.314083433966758, 42.407591149365956 ] ] ] } },
{ "type": "Feature", "properties": { "Grid_ID": 498, "Row": 21, "Col": 18, "Area_m2": 400.0, "Carbon_tha_24": 82.5829, "NDVI": 0.8574, "NIRv": 0.2392 }, "geometry": { "type": "Polygon", "coordinates": [ [ [ 117.314326482019055, 42.407590483220446 ], [ 117.314083433966758, 42.407591149365956 ], [ 117.314084332509253, 42.407771267161579 ], [ 117.314327381256845, 42.40777060101189 ], [ 117.314326482019055, 42.407590483220446 ] ] ] } },
{ "type": "Feature", "properties": { "Grid_ID": 499, "Row": 21, "Col": 19, "Area_m2": 400.0, "Carbon_tha_24": 80.6928, "NDVI": 0.8425, "NIRv": 0.2311 }, "geometry": { "type": "Polygon", "coordinates": [ [ [ 117.31456953006311, 42.407589816559664 ], [ 117.314326482019055, 42.407590483220446 ], [ 117.314327381256845, 42.40777060101189 ], [ 117.314570429996195, 42.407769934346931 ], [ 117.31456953006311, 42.407589816559664 ] ] ] } },
{ "type": "Feature", "properties": { "Grid_ID": 500, "Row": 21, "Col": 20, "Area_m2": 400.0, "Carbon_tha_24": 86.4514, "NDVI": 0.8508, "NIRv": 0.2363 }, "geometry": { "type": "Polygon", "coordinates": [ [ [ 117.314812578098923, 42.407589149383611 ], [ 117.31456953006311, 42.407589816559664 ], [ 117.314570429996195, 42.407769934346931 ], [ 117.314813478727302, 42.407769267166678 ], [ 117.314812578098923, 42.407589149383611 ] ] ] } },
{ "type": "Feature", "properties": { "Grid_ID": 501, "Row": 21, "Col": 21, "Area_m2": 400.0, "Carbon_tha_24": 79.1883, "NDVI": 0.855, "NIRv": 0.2429 }, "geometry": { "type": "Polygon", "coordinates": [ [ [ 117.31505562612648, 42.407588481692272 ], [ 117.314812578098923, 42.407589149383611 ], [ 117.314813478727302, 42.407769267166678 ], [ 117.315056527450139, 42.407768599471162 ], [ 117.31505562612648, 42.407588481692272 ] ] ] } },
{ "type": "Feature", "properties": { "Grid_ID": 502, "Row": 21, "Col": 22, "Area_m2": 400.0, "Carbon_tha_24": 70.4129, "NDVI": 0.8536, "NIRv": 0.2372 }, "geometry": { "type": "Polygon", "coordinates": [ [ [ 117.31529867414578, 42.407587813485677 ], [ 117.31505562612648, 42.407588481692272 ], [ 117.315056527450139, 42.407768599471162 ], [ 117.315299576164719, 42.407767931260373 ], [ 117.31529867414578, 42.407587813485677 ] ] ] } },
{ "type": "Feature", "properties": { "Grid_ID": 503, "Row": 21, "Col": 23, "Area_m2": 400.0, "Carbon_tha_24": 81.8988, "NDVI": 0.857, "NIRv": 0.2397 }, "geometry": { "type": "Polygon", "coordinates": [ [ [ 117.315541722156809, 42.407587144763795 ], [ 117.31529867414578, 42.407587813485677 ], [ 117.315299576164719, 42.407767931260373 ], [ 117.315542624871071, 42.4077672625343 ], [ 117.315541722156809, 42.407587144763795 ] ] ] } },
{ "type": "Feature", "properties": { "Grid_ID": 504, "Row": 21, "Col": 24, "Area_m2": 400.0, "Carbon_tha_24": 79.6195, "NDVI": 0.8598, "NIRv": 0.243 }, "geometry": { "type": "Polygon", "coordinates": [ [ [ 117.315784770159567, 42.407586475526656 ], [ 117.315541722156809, 42.407587144763795 ], [ 117.315542624871071, 42.4077672625343 ], [ 117.315785673569124, 42.407766593292962 ], [ 117.315784770159567, 42.407586475526656 ] ] ] } },
{ "type": "Feature", "properties": { "Grid_ID": 505, "Row": 22, "Col": 1, "Area_m2": 400.0, "Carbon_tha_24": 35.5433, "NDVI": 0.7401, "NIRv": 0.1918 }, "geometry": { "type": "Polygon", "coordinates": [ [ [ 117.310193776604891, 42.407421619749385 ], [ 117.309950729108792, 42.407422277131126 ], [ 117.309951615823167, 42.407602395002968 ], [ 117.31019466401456, 42.407601737617085 ], [ 117.310193776604891, 42.407421619749385 ] ] ] } },
{ "type": "Feature", "properties": { "Grid_ID": 506, "Row": 22, "Col": 2, "Area_m2": 400.0, "Carbon_tha_24": 54.8489, "NDVI": 0.7922, "NIRv": 0.2121 }, "geometry": { "type": "Polygon", "coordinates": [ [ [ 117.310436824092889, 42.407420961852353 ], [ 117.310193776604891, 42.407421619749385 ], [ 117.31019466401456, 42.407601737617085 ], [ 117.310437712197825, 42.407601079715938 ], [ 117.310436824092889, 42.407420961852353 ] ] ] } },
{ "type": "Feature", "properties": { "Grid_ID": 507, "Row": 22, "Col": 3, "Area_m2": 400.0, "Carbon_tha_24": 38.358, "NDVI": 0.7956, "NIRv": 0.2161 }, "geometry": { "type": "Polygon", "coordinates": [ [ [ 117.310679871572731, 42.407420303440063 ], [ 117.310436824092889, 42.407420961852353 ], [ 117.310437712197825, 42.407601079715938 ], [ 117.310680760372961, 42.407600421299513 ], [ 117.310679871572731, 42.407420303440063 ] ] ] } },
{ "type": "Feature", "properties": { "Grid_ID": 508, "Row": 22, "Col": 4, "Area_m2": 400.0, "Carbon_tha_24": 25.9202, "NDVI": 0.7251, "NIRv": 0.2052 }, "geometry": { "type": "Polygon", "coordinates": [ [ [ 117.310922919044415, 42.407419644512501 ], [ 117.310679871572731, 42.407420303440063 ], [ 117.310680760372961, 42.407600421299513 ], [ 117.31092380853994, 42.407599762367816 ], [ 117.310922919044415, 42.407419644512501 ] ] ] } },
{ "type": "Feature", "properties": { "Grid_ID": 509, "Row": 22, "Col": 5, "Area_m2": 400.0, "Carbon_tha_24": 0.0, "NDVI": 0.6385, "NIRv": 0.1777 }, "geometry": { "type": "Polygon", "coordinates": [ [ [ 117.311165966507986, 42.407418985069668 ], [ 117.310922919044415, 42.407419644512501 ], [ 117.31092380853994, 42.407599762367816 ], [ 117.311166856698776, 42.407599102920855 ], [ 117.311165966507986, 42.407418985069668 ] ] ] } },
{ "type": "Feature", "properties": { "Grid_ID": 510, "Row": 22, "Col": 6, "Area_m2": 400.0, "Carbon_tha_24": 9.2072, "NDVI": 0.7357, "NIRv": 0.1886 }, "geometry": { "type": "Polygon", "coordinates": [ [ [ 117.311409013963384, 42.407418325111557 ], [ 117.311165966507986, 42.407418985069668 ], [ 117.311166856698776, 42.407599102920855 ], [ 117.311409904849469, 42.407598442958616 ], [ 117.311409013963384, 42.407418325111557 ] ] ] } },
{ "type": "Feature", "properties": { "Grid_ID": 511, "Row": 22, "Col": 7, "Area_m2": 400.0, "Carbon_tha_24": 61.5362, "NDVI": 0.8035, "NIRv": 0.2026 }, "geometry": { "type": "Polygon", "coordinates": [ [ [ 117.311652061410612, 42.407417664638196 ], [ 117.311409013963384, 42.407418325111557 ], [ 117.311409904849469, 42.407598442958616 ], [ 117.311652952991992, 42.407597782481098 ], [ 117.311652061410612, 42.407417664638196 ] ] ] } },
{ "type": "Feature", "properties": { "Grid_ID": 512, "Row": 22, "Col": 8, "Area_m2": 400.0, "Carbon_tha_24": 58.9722, "NDVI": 0.8045, "NIRv": 0.203 }, "geometry": { "type": "Polygon", "coordinates": [ [ [ 117.311895108849669, 42.407417003649542 ], [ 117.311652061410612, 42.407417664638196 ], [ 117.311652952991992, 42.407597782481098 ], [ 117.311896001126314, 42.407597121488315 ], [ 117.311895108849669, 42.407417003649542 ] ] ] } },
{ "type": "Feature", "properties": { "Grid_ID": 513, "Row": 22, "Col": 9, "Area_m2": 400.0, "Carbon_tha_24": 60.1265, "NDVI": 0.8197, "NIRv": 0.2078 }, "geometry": { "type": "Polygon", "coordinates": [ [ [ 117.31213815628054, 42.407416342145623 ], [ 117.311895108849669, 42.407417003649542 ], [ 117.311896001126314, 42.407597121488315 ], [ 117.312139049252508, 42.407596459980248 ], [ 117.31213815628054, 42.407416342145623 ] ] ] } },
{ "type": "Feature", "properties": { "Grid_ID": 514, "Row": 22, "Col": 10, "Area_m2": 400.0, "Carbon_tha_24": 55.3116, "NDVI": 0.8073, "NIRv": 0.2072 }, "geometry": { "type": "Polygon", "coordinates": [ [ [ 117.312381203703239, 42.407415680126448 ], [ 117.31213815628054, 42.407416342145623 ], [ 117.312139049252508, 42.407596459980248 ], [ 117.312382097370474, 42.407595797956915 ], [ 117.312381203703239, 42.407415680126448 ] ] ] } },
{ "type": "Feature", "properties": { "Grid_ID": 515, "Row": 22, "Col": 11, "Area_m2": 400.0, "Carbon_tha_24": 36.1724, "NDVI": 0.7825, "NIRv": 0.1971 }, "geometry": { "type": "Polygon", "coordinates": [ [ [ 117.31262425111774, 42.407415017592008 ], [ 117.312381203703239, 42.407415680126448 ], [ 117.312382097370474, 42.407595797956915 ], [ 117.312625145480283, 42.407595135418312 ], [ 117.31262425111774, 42.407415017592008 ] ] ] } },
{ "type": "Feature", "properties": { "Grid_ID": 516, "Row": 22, "Col": 12, "Area_m2": 400.0, "Carbon_tha_24": 55.7062, "NDVI": 0.8192, "NIRv": 0.209 }, "geometry": { "type": "Polygon", "coordinates": [ [ [ 117.312867298524054, 42.40741435454229 ], [ 117.31262425111774, 42.407415017592008 ], [ 117.312625145480283, 42.407595135418312 ], [ 117.312868193581892, 42.407594472364444 ], [ 117.312867298524054, 42.40741435454229 ] ] ] } },
{ "type": "Feature", "properties": { "Grid_ID": 517, "Row": 22, "Col": 13, "Area_m2": 400.0, "Carbon_tha_24": 31.4736, "NDVI": 0.7801, "NIRv": 0.2022 }, "geometry": { "type": "Polygon", "coordinates": [ [ [ 117.313110345922183, 42.407413690977293 ], [ 117.312867298524054, 42.40741435454229 ], [ 117.312868193581892, 42.407594472364444 ], [ 117.313111241675301, 42.407593808795276 ], [ 117.313110345922183, 42.407413690977293 ] ] ] } },
{ "type": "Feature", "properties": { "Grid_ID": 518, "Row": 22, "Col": 14, "Area_m2": 400.0, "Carbon_tha_24": 34.3643, "NDVI": 0.7916, "NIRv": 0.2164 }, "geometry": { "type": "Polygon", "coordinates": [ [ [ 117.313353393312084, 42.407413026897046 ], [ 117.313110345922183, 42.407413690977293 ], [ 117.313111241675301, 42.407593808795276 ], [ 117.313354289760483, 42.407593144710866 ], [ 117.313353393312084, 42.407413026897046 ] ] ] } },
{ "type": "Feature", "properties": { "Grid_ID": 519, "Row": 22, "Col": 15, "Area_m2": 400.0, "Carbon_tha_24": 65.5521, "NDVI": 0.8408, "NIRv": 0.2219 }, "geometry": { "type": "Polygon", "coordinates": [ [ [ 117.313596440693786, 42.407412362301507 ], [ 117.313353393312084, 42.407413026897046 ], [ 117.313354289760483, 42.407593144710866 ], [ 117.31359733783745, 42.407592480111163 ], [ 117.313596440693786, 42.407412362301507 ] ] ] } },
{ "type": "Feature", "properties": { "Grid_ID": 520, "Row": 22, "Col": 16, "Area_m2": 400.0, "Carbon_tha_24": 57.5119, "NDVI": 0.8331, "NIRv": 0.2264 }, "geometry": { "type": "Polygon", "coordinates": [ [ [ 117.313839488067259, 42.40741169719071 ], [ 117.313596440693786, 42.407412362301507 ], [ 117.31359733783745, 42.407592480111163 ], [ 117.313840385906218, 42.407591814996195 ], [ 117.313839488067259, 42.40741169719071 ] ] ] } },
{ "type": "Feature", "properties": { "Grid_ID": 521, "Row": 22, "Col": 17, "Area_m2": 400.0, "Carbon_tha_24": 63.8629, "NDVI": 0.8431, "NIRv": 0.2471 }, "geometry": { "type": "Polygon", "coordinates": [ [ [ 117.314082535432505, 42.407411031564642 ], [ 117.313839488067259, 42.40741169719071 ], [ 117.313840385906218, 42.407591814996195 ], [ 117.314083433966758, 42.407591149365956 ], [ 117.314082535432505, 42.407411031564642 ] ] ] } },
{ "type": "Feature", "properties": { "Grid_ID": 522, "Row": 22, "Col": 18, "Area_m2": 400.0, "Carbon_tha_24": 64.1138, "NDVI": 0.8404, "NIRv": 0.2344 }, "geometry": { "type": "Polygon", "coordinates": [ [ [ 117.314325582789508, 42.40741036542331 ], [ 117.314082535432505, 42.407411031564642 ], [ 117.314083433966758, 42.407591149365956 ], [ 117.314326482019055, 42.407590483220446 ], [ 117.314325582789508, 42.40741036542331 ] ] ] } },
{ "type": "Feature", "properties": { "Grid_ID": 523, "Row": 22, "Col": 19, "Area_m2": 400.0, "Carbon_tha_24": 58.9682, "NDVI": 0.8412, "NIRv": 0.2328 }, "geometry": { "type": "Polygon", "coordinates": [ [ [ 117.314568630138268, 42.407409698766706 ], [ 117.314325582789508, 42.40741036542331 ], [ 117.314326482019055, 42.407590483220446 ], [ 117.31456953006311, 42.407589816559664 ], [ 117.314568630138268, 42.407409698766706 ] ] ] } },
{ "type": "Feature", "properties": { "Grid_ID": 524, "Row": 22, "Col": 20, "Area_m2": 400.0, "Carbon_tha_24": 58.6881, "NDVI": 0.8176, "NIRv": 0.228 }, "geometry": { "type": "Polygon", "coordinates": [ [ [ 117.314811677478801, 42.407409031594831 ], [ 117.314568630138268, 42.407409698766706 ], [ 117.31456953006311, 42.407589816559664 ], [ 117.314812578098923, 42.407589149383611 ], [ 117.314811677478801, 42.407409031594831 ] ] ] } },
{ "type": "Feature", "properties": { "Grid_ID": 525, "Row": 22, "Col": 21, "Area_m2": 400.0, "Carbon_tha_24": 48.4003, "NDVI": 0.7969, "NIRv": 0.2227 }, "geometry": { "type": "Polygon", "coordinates": [ [ [ 117.315054724811077, 42.407408363907685 ], [ 117.314811677478801, 42.407409031594831 ], [ 117.314812578098923, 42.407589149383611 ], [ 117.31505562612648, 42.407588481692272 ], [ 117.315054724811077, 42.407408363907685 ] ] ] } },
{ "type": "Feature", "properties": { "Grid_ID": 526, "Row": 22, "Col": 22, "Area_m2": 400.0, "Carbon_tha_24": 51.7179, "NDVI": 0.8273, "NIRv": 0.2247 }, "geometry": { "type": "Polygon", "coordinates": [ [ [ 117.315297772135082, 42.407407695705281 ], [ 117.315054724811077, 42.407408363907685 ], [ 117.31505562612648, 42.407588481692272 ], [ 117.31529867414578, 42.407587813485677 ], [ 117.315297772135082, 42.407407695705281 ] ] ] } },
{ "type": "Feature", "properties": { "Grid_ID": 527, "Row": 22, "Col": 23, "Area_m2": 400.0, "Carbon_tha_24": 78.8645, "NDVI": 0.8451, "NIRv": 0.2335 }, "geometry": { "type": "Polygon", "coordinates": [ [ [ 117.315540819450831, 42.407407026987592 ], [ 117.315297772135082, 42.407407695705281 ], [ 117.31529867414578, 42.407587813485677 ], [ 117.315541722156809, 42.407587144763795 ], [ 117.315540819450831, 42.407407026987592 ] ] ] } },
{ "type": "Feature", "properties": { "Grid_ID": 528, "Row": 22, "Col": 24, "Area_m2": 400.0, "Carbon_tha_24": 77.5726, "NDVI": 0.848, "NIRv": 0.2403 }, "geometry": { "type": "Polygon", "coordinates": [ [ [ 117.315783866758295, 42.407406357754653 ], [ 117.315540819450831, 42.407407026987592 ], [ 117.315541722156809, 42.407587144763795 ], [ 117.315784770159567, 42.407586475526656 ], [ 117.315783866758295, 42.407406357754653 ] ] ] } },
{ "type": "Feature", "properties": { "Grid_ID": 529, "Row": 23, "Col": 1, "Area_m2": 400.0, "Carbon_tha_24": 47.3382, "NDVI": 0.7786, "NIRv": 0.215 }, "geometry": { "type": "Polygon", "coordinates": [ [ [ 117.310192889203378, 42.407241501875966 ], [ 117.30994984240256, 42.407242159253599 ], [ 117.309950729108792, 42.407422277131126 ], [ 117.310193776604891, 42.407421619749385 ], [ 117.310192889203378, 42.407241501875966 ] ] ] } },
{ "type": "Feature", "properties": { "Grid_ID": 530, "Row": 23, "Col": 2, "Area_m2": 400.0, "Carbon_tha_24": 54.7796, "NDVI": 0.7901, "NIRv": 0.2097 }, "geometry": { "type": "Polygon", "coordinates": [ [ [ 117.310435935996097, 42.407240843983068 ], [ 117.310192889203378, 42.407241501875966 ], [ 117.310193776604891, 42.407421619749385 ], [ 117.310436824092889, 42.407420961852353 ], [ 117.310435935996097, 42.407240843983068 ] ] ] } },
{ "type": "Feature", "properties": { "Grid_ID": 531, "Row": 23, "Col": 3, "Area_m2": 400.0, "Carbon_tha_24": 51.5805, "NDVI": 0.8245, "NIRv": 0.2233 }, "geometry": { "type": "Polygon", "coordinates": [ [ [ 117.310678982780644, 42.407240185574906 ], [ 117.310435935996097, 42.407240843983068 ], [ 117.310436824092889, 42.407420961852353 ], [ 117.310679871572731, 42.407420303440063 ], [ 117.310678982780644, 42.407240185574906 ] ] ] } },
{ "type": "Feature", "properties": { "Grid_ID": 532, "Row": 23, "Col": 4, "Area_m2": 400.0, "Carbon_tha_24": 41.1137, "NDVI": 0.7588, "NIRv": 0.2087 }, "geometry": { "type": "Polygon", "coordinates": [ [ [ 117.310922029557062, 42.407239526651473 ], [ 117.310678982780644, 42.407240185574906 ], [ 117.310679871572731, 42.407420303440063 ], [ 117.310922919044415, 42.407419644512501 ], [ 117.310922029557062, 42.407239526651473 ] ] ] } },
{ "type": "Feature", "properties": { "Grid_ID": 533, "Row": 23, "Col": 5, "Area_m2": 400.0, "Carbon_tha_24": 27.871, "NDVI": 0.7686, "NIRv": 0.1899 }, "geometry": { "type": "Polygon", "coordinates": [ [ [ 117.311165076325324, 42.407238867212769 ], [ 117.310922029557062, 42.407239526651473 ], [ 117.310922919044415, 42.407419644512501 ], [ 117.311165966507986, 42.407418985069668 ], [ 117.311165076325324, 42.407238867212769 ] ] ] } },
{ "type": "Feature", "properties": { "Grid_ID": 534, "Row": 23, "Col": 6, "Area_m2": 400.0, "Carbon_tha_24": 74.8716, "NDVI": 0.8029, "NIRv": 0.1984 }, "geometry": { "type": "Polygon", "coordinates": [ [ [ 117.311408123085428, 42.407238207258814 ], [ 117.311165076325324, 42.407238867212769 ], [ 117.311165966507986, 42.407418985069668 ], [ 117.311409013963384, 42.407418325111557 ], [ 117.311408123085428, 42.407238207258814 ] ] ] } },
{ "type": "Feature", "properties": { "Grid_ID": 535, "Row": 23, "Col": 7, "Area_m2": 400.0, "Carbon_tha_24": 58.6345, "NDVI": 0.8103, "NIRv": 0.2123 }, "geometry": { "type": "Polygon", "coordinates": [ [ [ 117.31165116983739, 42.407237546789595 ], [ 117.311408123085428, 42.407238207258814 ], [ 117.311409013963384, 42.407418325111557 ], [ 117.311652061410612, 42.407417664638196 ], [ 117.31165116983739, 42.407237546789595 ] ] ] } },
{ "type": "Feature", "properties": { "Grid_ID": 536, "Row": 23, "Col": 8, "Area_m2": 400.0, "Carbon_tha_24": 69.3406, "NDVI": 0.8208, "NIRv": 0.2145 }, "geometry": { "type": "Polygon", "coordinates": [ [ [ 117.311894216581152, 42.407236885805084 ], [ 117.31165116983739, 42.407237546789595 ], [ 117.311652061410612, 42.407417664638196 ], [ 117.311895108849669, 42.407417003649542 ], [ 117.311894216581152, 42.407236885805084 ] ] ] } },
{ "type": "Feature", "properties": { "Grid_ID": 537, "Row": 23, "Col": 9, "Area_m2": 400.0, "Carbon_tha_24": 55.1449, "NDVI": 0.8095, "NIRv": 0.2098 }, "geometry": { "type": "Polygon", "coordinates": [ [ [ 117.312137263316757, 42.407236224305322 ], [ 117.311894216581152, 42.407236885805084 ], [ 117.311895108849669, 42.407417003649542 ], [ 117.31213815628054, 42.407416342145623 ], [ 117.312137263316757, 42.407236224305322 ] ] ] } },
{ "type": "Feature", "properties": { "Grid_ID": 538, "Row": 23, "Col": 10, "Area_m2": 400.0, "Carbon_tha_24": 59.6901, "NDVI": 0.8241, "NIRv": 0.2161 }, "geometry": { "type": "Polygon", "coordinates": [ [ [ 117.31238031004419, 42.407235562290289 ], [ 117.312137263316757, 42.407236224305322 ], [ 117.31213815628054, 42.407416342145623 ], [ 117.312381203703239, 42.407415680126448 ], [ 117.31238031004419, 42.407235562290289 ] ] ] } },
{ "type": "Feature", "properties": { "Grid_ID": 539, "Row": 23, "Col": 11, "Area_m2": 400.0, "Carbon_tha_24": 67.6, "NDVI": 0.8193, "NIRv": 0.2081 }, "geometry": { "type": "Polygon", "coordinates": [ [ [ 117.312623356763424, 42.407234899759999 ], [ 117.31238031004419, 42.407235562290289 ], [ 117.312381203703239, 42.407415680126448 ], [ 117.31262425111774, 42.407415017592008 ], [ 117.312623356763424, 42.407234899759999 ] ] ] } },
{ "type": "Feature", "properties": { "Grid_ID": 540, "Row": 23, "Col": 12, "Area_m2": 400.0, "Carbon_tha_24": 56.1653, "NDVI": 0.8222, "NIRv": 0.2206 }, "geometry": { "type": "Polygon", "coordinates": [ [ [ 117.312866403474445, 42.40723423671443 ], [ 117.312623356763424, 42.407234899759999 ], [ 117.31262425111774, 42.407415017592008 ], [ 117.312867298524054, 42.40741435454229 ], [ 117.312866403474445, 42.40723423671443 ] ] ] } },
{ "type": "Feature", "properties": { "Grid_ID": 541, "Row": 23, "Col": 13, "Area_m2": 400.0, "Carbon_tha_24": 52.542, "NDVI": 0.8367, "NIRv": 0.2289 }, "geometry": { "type": "Polygon", "coordinates": [ [ [ 117.313109450177265, 42.407233573153611 ], [ 117.312866403474445, 42.40723423671443 ], [ 117.312867298524054, 42.40741435454229 ], [ 117.313110345922183, 42.407413690977293 ], [ 117.313109450177265, 42.407233573153611 ] ] ] } },
{ "type": "Feature", "properties": { "Grid_ID": 542, "Row": 23, "Col": 14, "Area_m2": 400.0, "Carbon_tha_24": 56.828, "NDVI": 0.8274, "NIRv": 0.2188 }, "geometry": { "type": "Polygon", "coordinates": [ [ [ 117.3133524968719, 42.407232909077514 ], [ 117.313109450177265, 42.407233573153611 ], [ 117.313110345922183, 42.407413690977293 ], [ 117.313353393312084, 42.407413026897046 ], [ 117.3133524968719, 42.407232909077514 ] ] ] } },
{ "type": "Feature", "properties": { "Grid_ID": 543, "Row": 23, "Col": 15, "Area_m2": 400.0, "Carbon_tha_24": 64.2397, "NDVI": 0.8296, "NIRv": 0.2306 }, "geometry": { "type": "Polygon", "coordinates": [ [ [ 117.313595543558321, 42.407232244486153 ], [ 117.3133524968719, 42.407232909077514 ], [ 117.313353393312084, 42.407413026897046 ], [ 117.313596440693786, 42.407412362301507 ], [ 117.313595543558321, 42.407232244486153 ] ] ] } },
{ "type": "Feature", "properties": { "Grid_ID": 544, "Row": 23, "Col": 16, "Area_m2": 400.0, "Carbon_tha_24": 51.4974, "NDVI": 0.836, "NIRv": 0.2219 }, "geometry": { "type": "Polygon", "coordinates": [ [ [ 117.313838590236514, 42.407231579379527 ], [ 117.313595543558321, 42.407232244486153 ], [ 117.313596440693786, 42.407412362301507 ], [ 117.313839488067259, 42.40741169719071 ], [ 117.313838590236514, 42.407231579379527 ] ] ] } },
{ "type": "Feature", "properties": { "Grid_ID": 545, "Row": 23, "Col": 17, "Area_m2": 400.0, "Carbon_tha_24": 58.5797, "NDVI": 0.8604, "NIRv": 0.2367 }, "geometry": { "type": "Polygon", "coordinates": [ [ [ 117.314081636906465, 42.407230913757637 ], [ 117.313838590236514, 42.407231579379527 ], [ 117.313839488067259, 42.40741169719071 ], [ 117.314082535432505, 42.407411031564642 ], [ 117.314081636906465, 42.407230913757637 ] ] ] } },
{ "type": "Feature", "properties": { "Grid_ID": 546, "Row": 23, "Col": 18, "Area_m2": 400.0, "Carbon_tha_24": 56.2752, "NDVI": 0.8586, "NIRv": 0.2364 }, "geometry": { "type": "Polygon", "coordinates": [ [ [ 117.314324683568202, 42.407230247620475 ], [ 117.314081636906465, 42.407230913757637 ], [ 117.314082535432505, 42.407411031564642 ], [ 117.314325582789508, 42.40741036542331 ], [ 117.314324683568202, 42.407230247620475 ] ] ] } },
{ "type": "Feature", "properties": { "Grid_ID": 547, "Row": 23, "Col": 19, "Area_m2": 400.0, "Carbon_tha_24": 99.5049, "NDVI": 0.8574, "NIRv": 0.2381 }, "geometry": { "type": "Polygon", "coordinates": [ [ [ 117.314567730221697, 42.40722958096805 ], [ 117.314324683568202, 42.407230247620475 ], [ 117.314325582789508, 42.40741036542331 ], [ 117.314568630138268, 42.407409698766706 ], [ 117.314567730221697, 42.40722958096805 ] ] ] } },
{ "type": "Feature", "properties": { "Grid_ID": 548, "Row": 23, "Col": 20, "Area_m2": 400.0, "Carbon_tha_24": 93.166, "NDVI": 0.8571, "NIRv": 0.2439 }, "geometry": { "type": "Polygon", "coordinates": [ [ [ 117.314810776866935, 42.407228913800367 ], [ 117.314567730221697, 42.40722958096805 ], [ 117.314568630138268, 42.407409698766706 ], [ 117.314811677478801, 42.407409031594831 ], [ 117.314810776866935, 42.407228913800367 ] ] ] } },
{ "type": "Feature", "properties": { "Grid_ID": 549, "Row": 23, "Col": 21, "Area_m2": 400.0, "Carbon_tha_24": 59.3999, "NDVI": 0.8352, "NIRv": 0.2214 }, "geometry": { "type": "Polygon", "coordinates": [ [ [ 117.315053823503916, 42.407228246117405 ], [ 117.314810776866935, 42.407228913800367 ], [ 117.314811677478801, 42.407409031594831 ], [ 117.315054724811077, 42.407408363907685 ], [ 117.315053823503916, 42.407228246117405 ] ] ] } },
{ "type": "Feature", "properties": { "Grid_ID": 550, "Row": 23, "Col": 22, "Area_m2": 400.0, "Carbon_tha_24": 48.5096, "NDVI": 0.802, "NIRv": 0.1971 }, "geometry": { "type": "Polygon", "coordinates": [ [ [ 117.315296870132642, 42.407227577919194 ], [ 117.315053823503916, 42.407228246117405 ], [ 117.315054724811077, 42.407408363907685 ], [ 117.315297772135082, 42.407407695705281 ], [ 117.315296870132642, 42.407227577919194 ] ] ] } },
{ "type": "Feature", "properties": { "Grid_ID": 551, "Row": 23, "Col": 23, "Area_m2": 400.0, "Carbon_tha_24": 41.5662, "NDVI": 0.7956, "NIRv": 0.1968 }, "geometry": { "type": "Polygon", "coordinates": [ [ [ 117.31553991675311, 42.407226909205704 ], [ 117.315296870132642, 42.407227577919194 ], [ 117.315297772135082, 42.407407695705281 ], [ 117.315540819450831, 42.407407026987592 ], [ 117.31553991675311, 42.407226909205704 ] ] ] } },
{ "type": "Feature", "properties": { "Grid_ID": 552, "Row": 23, "Col": 24, "Area_m2": 400.0, "Carbon_tha_24": 37.8072, "NDVI": 0.8085, "NIRv": 0.2101 }, "geometry": { "type": "Polygon", "coordinates": [ [ [ 117.315782963365294, 42.407226239976957 ], [ 117.31553991675311, 42.407226909205704 ], [ 117.315540819450831, 42.407407026987592 ], [ 117.315783866758295, 42.407406357754653 ], [ 117.315782963365294, 42.407226239976957 ] ] ] } },
{ "type": "Feature", "properties": { "Grid_ID": 553, "Row": 24, "Col": 1, "Area_m2": 400.0, "Carbon_tha_24": 42.3413, "NDVI": 0.8203, "NIRv": 0.2177 }, "geometry": { "type": "Polygon", "coordinates": [ [ [ 117.310192001809995, 42.407061383996862 ], [ 117.309948955704442, 42.407062041370374 ], [ 117.30994984240256, 42.407242159253599 ], [ 117.310192889203378, 42.407241501875966 ], [ 117.310192001809995, 42.407061383996862 ] ] ] } },
{ "type": "Feature", "properties": { "Grid_ID": 554, "Row": 24, "Col": 2, "Area_m2": 400.0, "Carbon_tha_24": 44.9051, "NDVI": 0.7987, "NIRv": 0.2118 }, "geometry": { "type": "Polygon", "coordinates": [ [ [ 117.310435047907418, 42.407060726108085 ], [ 117.310192001809995, 42.407061383996862 ], [ 117.310192889203378, 42.407241501875966 ], [ 117.310435935996097, 42.407240843983068 ], [ 117.310435047907418, 42.407060726108085 ] ] ] } },
{ "type": "Feature", "properties": { "Grid_ID": 555, "Row": 24, "Col": 3, "Area_m2": 400.0, "Carbon_tha_24": 45.1199, "NDVI": 0.8128, "NIRv": 0.2232 }, "geometry": { "type": "Polygon", "coordinates": [ [ [ 117.3106780939967, 42.407060067704052 ], [ 117.310435047907418, 42.407060726108085 ], [ 117.310435935996097, 42.407240843983068 ], [ 117.310678982780644, 42.407240185574906 ], [ 117.3106780939967, 42.407060067704052 ] ] ] } },
{ "type": "Feature", "properties": { "Grid_ID": 556, "Row": 24, "Col": 4, "Area_m2": 400.0, "Carbon_tha_24": 28.4973, "NDVI": 0.7404, "NIRv": 0.2101 }, "geometry": { "type": "Polygon", "coordinates": [ [ [ 117.310921140077852, 42.407059408784761 ], [ 117.3106780939967, 42.407060067704052 ], [ 117.310678982780644, 42.407240185574906 ], [ 117.310922029557062, 42.407239526651473 ], [ 117.310921140077852, 42.407059408784761 ] ] ] } },
{ "type": "Feature", "properties": { "Grid_ID": 557, "Row": 24, "Col": 5, "Area_m2": 400.0, "Carbon_tha_24": 40.1049, "NDVI": 0.7722, "NIRv": 0.2038 }, "geometry": { "type": "Polygon", "coordinates": [ [ [ 117.311164186150847, 42.407058749350199 ], [ 117.310921140077852, 42.407059408784761 ], [ 117.310922029557062, 42.407239526651473 ], [ 117.311165076325324, 42.407238867212769 ], [ 117.311164186150847, 42.407058749350199 ] ] ] } },
{ "type": "Feature", "properties": { "Grid_ID": 558, "Row": 24, "Col": 6, "Area_m2": 400.0, "Carbon_tha_24": 38.6737, "NDVI": 0.7817, "NIRv": 0.2093 }, "geometry": { "type": "Polygon", "coordinates": [ [ [ 117.311407232215672, 42.407058089400373 ], [ 117.311164186150847, 42.407058749350199 ], [ 117.311165076325324, 42.407238867212769 ], [ 117.311408123085428, 42.407238207258814 ], [ 117.311407232215672, 42.407058089400373 ] ] ] } },
{ "type": "Feature", "properties": { "Grid_ID": 559, "Row": 24, "Col": 7, "Area_m2": 400.0, "Carbon_tha_24": 49.4216, "NDVI": 0.7883, "NIRv": 0.2075 }, "geometry": { "type": "Polygon", "coordinates": [ [ [ 117.311650278272339, 42.407057428935282 ], [ 117.311407232215672, 42.407058089400373 ], [ 117.311408123085428, 42.407238207258814 ], [ 117.31165116983739, 42.407237546789595 ], [ 117.311650278272339, 42.407057428935282 ] ] ] } },
{ "type": "Feature", "properties": { "Grid_ID": 560, "Row": 24, "Col": 8, "Area_m2": 400.0, "Carbon_tha_24": 51.1158, "NDVI": 0.8137, "NIRv": 0.2134 }, "geometry": { "type": "Polygon", "coordinates": [ [ [ 117.311893324320835, 42.407056767954927 ], [ 117.311650278272339, 42.407057428935282 ], [ 117.31165116983739, 42.407237546789595 ], [ 117.311894216581152, 42.407236885805084 ], [ 117.311893324320835, 42.407056767954927 ] ] ] } },
{ "type": "Feature", "properties": { "Grid_ID": 561, "Row": 24, "Col": 9, "Area_m2": 400.0, "Carbon_tha_24": 49.576, "NDVI": 0.8134, "NIRv": 0.2134 }, "geometry": { "type": "Polygon", "coordinates": [ [ [ 117.312136370361173, 42.407056106459315 ], [ 117.311893324320835, 42.407056767954927 ], [ 117.311894216581152, 42.407236885805084 ], [ 117.312137263316757, 42.407236224305322 ], [ 117.312136370361173, 42.407056106459315 ] ] ] } },
{ "type": "Feature", "properties": { "Grid_ID": 562, "Row": 24, "Col": 10, "Area_m2": 400.0, "Carbon_tha_24": 49.4539, "NDVI": 0.7902, "NIRv": 0.2055 }, "geometry": { "type": "Polygon", "coordinates": [ [ [ 117.312379416393313, 42.407055444448439 ], [ 117.312136370361173, 42.407056106459315 ], [ 117.312137263316757, 42.407236224305322 ], [ 117.31238031004419, 42.407235562290289 ], [ 117.312379416393313, 42.407055444448439 ] ] ] } },
{ "type": "Feature", "properties": { "Grid_ID": 563, "Row": 24, "Col": 11, "Area_m2": 400.0, "Carbon_tha_24": 65.3396, "NDVI": 0.8314, "NIRv": 0.2124 }, "geometry": { "type": "Polygon", "coordinates": [ [ [ 117.312622462417281, 42.407054781922291 ], [ 117.312379416393313, 42.407055444448439 ], [ 117.31238031004419, 42.407235562290289 ], [ 117.312623356763424, 42.407234899759999 ], [ 117.312622462417281, 42.407054781922291 ] ] ] } },
{ "type": "Feature", "properties": { "Grid_ID": 564, "Row": 24, "Col": 12, "Area_m2": 400.0, "Carbon_tha_24": 44.1915, "NDVI": 0.8413, "NIRv": 0.2253 }, "geometry": { "type": "Polygon", "coordinates": [ [ [ 117.312865508433021, 42.4070541188809 ], [ 117.312622462417281, 42.407054781922291 ], [ 117.312623356763424, 42.407234899759999 ], [ 117.312866403474445, 42.40723423671443 ], [ 117.312865508433021, 42.4070541188809 ] ] ] } },
{ "type": "Feature", "properties": { "Grid_ID": 565, "Row": 24, "Col": 13, "Area_m2": 400.0, "Carbon_tha_24": 63.2845, "NDVI": 0.8365, "NIRv": 0.2374 }, "geometry": { "type": "Polygon", "coordinates": [ [ [ 117.313108554440575, 42.407053455324224 ], [ 117.312865508433021, 42.4070541188809 ], [ 117.312866403474445, 42.40723423671443 ], [ 117.313109450177265, 42.407233573153611 ], [ 117.313108554440575, 42.407053455324224 ] ] ] } },
{ "type": "Feature", "properties": { "Grid_ID": 566, "Row": 24, "Col": 14, "Area_m2": 400.0, "Carbon_tha_24": 38.6729, "NDVI": 0.7706, "NIRv": 0.2243 }, "geometry": { "type": "Polygon", "coordinates": [ [ [ 117.313351600439944, 42.407052791252298 ], [ 117.313108554440575, 42.407053455324224 ], [ 117.313109450177265, 42.407233573153611 ], [ 117.3133524968719, 42.407232909077514 ], [ 117.313351600439944, 42.407052791252298 ] ] ] } },
{ "type": "Feature", "properties": { "Grid_ID": 567, "Row": 24, "Col": 15, "Area_m2": 400.0, "Carbon_tha_24": 42.4245, "NDVI": 0.803, "NIRv": 0.2138 }, "geometry": { "type": "Polygon", "coordinates": [ [ [ 117.313594646431071, 42.4070521266651 ], [ 117.313351600439944, 42.407052791252298 ], [ 117.3133524968719, 42.407232909077514 ], [ 117.313595543558321, 42.407232244486153 ], [ 117.313594646431071, 42.4070521266651 ] ] ] } },
{ "type": "Feature", "properties": { "Grid_ID": 568, "Row": 24, "Col": 16, "Area_m2": 400.0, "Carbon_tha_24": 65.6639, "NDVI": 0.8458, "NIRv": 0.2269 }, "geometry": { "type": "Polygon", "coordinates": [ [ [ 117.313837692413998, 42.407051461562645 ], [ 117.313594646431071, 42.4070521266651 ], [ 117.313595543558321, 42.407232244486153 ], [ 117.313838590236514, 42.407231579379527 ], [ 117.313837692413998, 42.407051461562645 ] ] ] } },
{ "type": "Feature", "properties": { "Grid_ID": 569, "Row": 24, "Col": 17, "Area_m2": 400.0, "Carbon_tha_24": 48.8505, "NDVI": 0.8483, "NIRv": 0.2446 }, "geometry": { "type": "Polygon", "coordinates": [ [ [ 117.314080738388682, 42.407050795944933 ], [ 117.313837692413998, 42.407051461562645 ], [ 117.313838590236514, 42.407231579379527 ], [ 117.314081636906465, 42.407230913757637 ], [ 117.314080738388682, 42.407050795944933 ] ] ] } },
{ "type": "Feature", "properties": { "Grid_ID": 570, "Row": 24, "Col": 18, "Area_m2": 400.0, "Carbon_tha_24": 55.9389, "NDVI": 0.8614, "NIRv": 0.2474 }, "geometry": { "type": "Polygon", "coordinates": [ [ [ 117.314323784355139, 42.40705012981195 ], [ 117.314080738388682, 42.407050795944933 ], [ 117.314081636906465, 42.407230913757637 ], [ 117.314324683568202, 42.407230247620475 ], [ 117.314323784355139, 42.40705012981195 ] ] ] } },
{ "type": "Feature", "properties": { "Grid_ID": 571, "Row": 24, "Col": 19, "Area_m2": 400.0, "Carbon_tha_24": 64.3666, "NDVI": 0.8425, "NIRv": 0.2421 }, "geometry": { "type": "Polygon", "coordinates": [ [ [ 117.314566830313339, 42.407049463163709 ], [ 117.314323784355139, 42.40705012981195 ], [ 117.314324683568202, 42.407230247620475 ], [ 117.314567730221697, 42.40722958096805 ], [ 117.314566830313339, 42.407049463163709 ] ] ] } },
{ "type": "Feature", "properties": { "Grid_ID": 572, "Row": 24, "Col": 20, "Area_m2": 400.0, "Carbon_tha_24": 70.6415, "NDVI": 0.8514, "NIRv": 0.237 }, "geometry": { "type": "Polygon", "coordinates": [ [ [ 117.314809876263311, 42.407048796000204 ], [ 117.314566830313339, 42.407049463163709 ], [ 117.314567730221697, 42.40722958096805 ], [ 117.314810776866935, 42.407228913800367 ], [ 117.314809876263311, 42.407048796000204 ] ] ] } },
{ "type": "Feature", "properties": { "Grid_ID": 573, "Row": 24, "Col": 21, "Area_m2": 400.0, "Carbon_tha_24": 90.4405, "NDVI": 0.8589, "NIRv": 0.2411 }, "geometry": { "type": "Polygon", "coordinates": [ [ [ 117.315052922205012, 42.407048128321442 ], [ 117.314809876263311, 42.407048796000204 ], [ 117.314810776866935, 42.407228913800367 ], [ 117.315053823503916, 42.407228246117405 ], [ 117.315052922205012, 42.407048128321442 ] ] ] } },
{ "type": "Feature", "properties": { "Grid_ID": 574, "Row": 24, "Col": 22, "Area_m2": 400.0, "Carbon_tha_24": 84.1879, "NDVI": 0.8525, "NIRv": 0.2282 }, "geometry": { "type": "Polygon", "coordinates": [ [ [ 117.315295968138486, 42.407047460127409 ], [ 117.315052922205012, 42.407048128321442 ], [ 117.315053823503916, 42.407228246117405 ], [ 117.315296870132642, 42.407227577919194 ], [ 117.315295968138486, 42.407047460127409 ] ] ] } },
{ "type": "Feature", "properties": { "Grid_ID": 575, "Row": 24, "Col": 23, "Area_m2": 400.0, "Carbon_tha_24": 68.18, "NDVI": 0.8401, "NIRv": 0.2105 }, "geometry": { "type": "Polygon", "coordinates": [ [ [ 117.315539014063674, 42.407046791418118 ], [ 117.315295968138486, 42.407047460127409 ], [ 117.315296870132642, 42.407227577919194 ], [ 117.31553991675311, 42.407226909205704 ], [ 117.315539014063674, 42.407046791418118 ] ] ] } },
{ "type": "Feature", "properties": { "Grid_ID": 576, "Row": 24, "Col": 24, "Area_m2": 400.0, "Carbon_tha_24": 68.5869, "NDVI": 0.8401, "NIRv": 0.2088 }, "geometry": { "type": "Polygon", "coordinates": [ [ [ 117.315782059980592, 42.407046122193556 ], [ 117.315539014063674, 42.407046791418118 ], [ 117.31553991675311, 42.407226909205704 ], [ 117.315782963365294, 42.407226239976957 ], [ 117.315782059980592, 42.407046122193556 ] ] ] } }
]
}
